,粉底 液 粉餅 氣墊 粉餅,氣墊 粉餅 一般 粉餅,用 粉餅 上 妝,氣墊 粉餅 浮粉,氣墊 粉餅 持 妝,氣墊 粉餅 好 嗎,氣墊 粉餅 跟 粉餅,粉餅 卡 粉,眉 型 臉型,氣墊 粉餅 隔離 霜,粉餅 遮瑕,毛孔 粗大 粉餅,粉餅 毛孔,夏天 粉餅,眉 筆 持久,不 暈 眼線,粉底 液 氣墊 粉餅,不 暈 染 眼線,隔離 妝 前,眼線 筆 防水,眼線 筆 眼線 液,氣墊 粉餅 粉底 液,粉底 氣墊 粉餅,抗 暈 眼線,氣墊 粉餅 粉底,氣墊 粉餅 推,遮瑕 力 好 的 粉餅,如何 使用 氣墊 粉餅,粉餅 氣墊 粉餅,粉餅 底 妝,氣墊 粉餅 夏天,氣墊 粉餅 脫 妝,眼線 防水,夏天 氣墊 粉餅 推薦,保濕 氣墊,粉底 氣墊,眼線 液 眼線 筆,眼線 筆 暈 染,氣墊 粉餅 好處,不 會 暈 的 眼線 液,氣墊 粉餅 適合 膚 質,妝 前 乳 霜,清爽 氣墊 粉餅,夏天 氣墊 粉餅,保濕 氣墊 粉底,妝 前 修飾 乳 推薦,隔離 乳 推薦,妝 前 乳 推,粉餅 夏天,不 浮粉 粉餅,眼線 液 暈,氣墊 粉餅 妝 前,隔離 乳 妝 前 乳,遮瑕 好 的 粉餅,眼線 抗 暈,眼線 筆 不 暈,底 妝 粉餅,氣墊 粉餅 保濕 推薦,妝 前 乳 隔離 霜 推薦,不 暈 染 眼線 液,粉餅 保濕,眉毛 持久,保濕 氣墊 粉餅,什麼 是 氣墊 粉餅,防 油 眉 筆,眼線 筆 暈,粉餅 好 用,氣墊 粉餅 如何 使用,眉毛 液 筆,持 妝 氣墊 粉餅,遮瑕 力 好 的 氣墊 粉餅,眼線 不 暈 染,臉型 眉 型,氣墊 粉餅 如何 補 妝,粉底 液 粉餅,適合 夏天 的 氣墊 粉餅
0,3,0,0,0,-4,1,0,0,1,3,19,0,15,1,8,36,1,0,25,43,52,1,4,16,7,0,0,0,-2,0,0,0,33,0,2,8,62,0,0,0,0,16,0,-1,0,0,14,0,0,0,25,0,21,0,21,13,13,0,4,0,19,0,2,0,0,24,24,0,0,-6,0,0,0,0,20,0
1,3,0,0,0,-4,2,0,0,1,4,18,0,18,1,9,37,2,0,25,45,48,2,5,16,7,0,0,0,-1,0,0,0,36,0,2,10,61,0,0,0,0,17,0,-1,0,0,14,0,0,0,25,0,21,0,17,15,14,0,3,0,19,0,2,0,0,28,26,0,0,-6,0,0,0,0,23,0
2,2,0,0,0,-4,2,0,0,3,4,17,0,19,1,9,39,2,0,25,44,47,2,5,15,8,0,0,0,0,0,0,0,34,0,3,11,59,0,0,0,0,18,0,-1,0,0,15,0,0,0,28,0,21,0,12,16,15,0,2,0,19,0,2,0,0,30,26,0,0,-6,0,0,0,0,24,0
3,2,0,0,0,-3,3,0,0,3,3,16,0,19,1,9,45,2,0,26,41,49,2,5,12,9,0,0,0,0,0,0,0,29,0,4,11,58,0,0,0,0,19,0,0,0,0,16,0,0,0,32,0,22,0,11,16,17,0,2,0,19,0,3,0,0,28,24,0,0,-5,0,0,0,0,23,0
4,3,0,0,0,-3,3,0,0,2,2,17,0,20,1,10,51,2,0,26,40,51,1,6,9,10,0,0,0,1,0,0,0,25,0,5,11,56,0,0,0,0,18,0,0,0,0,15,0,0,0,32,0,22,0,13,19,18,0,2,0,20,0,3,0,0,24,23,0,0,-5,0,0,0,0,22,0
5,3,0,0,0,-3,3,0,0,1,2,18,0,21,1,9,51,2,0,26,41,51,2,6,8,11,0,0,0,2,0,0,0,27,0,4,11,55,0,0,0,0,17,0,0,0,0,14,0,0,0,28,0,24,0,16,22,20,0,2,0,21,0,3,0,0,21,25,0,0,-5,0,0,0,0,22,0
6,4,0,0,0,-2,3,0,0,1,2,18,0,22,0,8,43,3,0,26,41,50,3,7,9,11,0,0,0,3,0,0,0,32,0,4,12,55,0,0,0,0,15,0,0,0,0,13,0,0,0,24,1,24,0,16,24,22,0,1,0,23,0,3,0,0,20,30,0,0,-4,0,0,0,0,24,0
7,4,0,0,0,-1,5,0,0,2,3,16,0,23,0,8,33,4,0,26,40,50,4,7,11,11,0,0,0,4,1,0,0,34,0,4,13,58,0,0,0,0,13,0,0,0,0,13,0,0,0,23,1,23,0,14,21,24,0,1,0,24,0,3,0,0,21,34,0,0,-2,0,0,0,0,27,0
8,4,0,0,0,-1,6,0,0,3,4,15,0,23,0,9,28,5,0,26,39,52,4,8,12,12,0,0,0,4,1,0,0,31,0,5,15,60,0,0,0,0,13,0,0,0,0,15,0,0,0,26,1,21,0,13,17,26,0,2,0,23,0,4,0,0,23,32,0,0,-1,0,0,0,0,28,0
9,4,0,0,0,0,7,0,0,3,5,17,0,22,0,12,31,5,0,26,41,51,4,8,12,12,0,0,0,5,0,0,0,29,0,5,15,60,0,0,0,0,16,0,0,0,0,18,0,0,0,30,1,19,0,13,14,25,0,3,0,23,0,4,0,0,24,28,0,0,0,0,0,0,0,27,0
10,5,0,0,0,0,6,0,0,1,6,20,0,19,0,13,37,4,0,25,44,48,3,8,11,13,0,0,0,6,0,0,0,28,0,5,14,57,0,0,0,0,20,0,0,0,0,18,0,0,0,32,2,19,0,13,16,20,0,4,0,23,0,4,0,0,24,25,0,0,0,0,0,0,0,25,0
11,5,0,0,0,0,6,0,0,0,6,22,0,16,0,10,41,4,0,27,44,44,3,8,10,12,0,0,0,7,0,0,0,30,0,5,13,53,0,0,0,0,22,0,0,0,0,18,0,0,0,32,3,21,0,11,20,14,0,3,0,25,0,4,0,0,23,25,0,0,0,0,0,0,0,25,0
12,5,0,0,0,0,7,0,0,0,5,21,0,14,0,8,40,4,0,29,40,43,4,7,11,11,0,0,0,8,0,0,0,29,0,6,12,51,0,0,0,0,21,0,0,0,0,17,0,0,0,31,2,23,0,10,20,11,0,2,0,27,0,4,0,0,23,27,0,0,0,0,0,0,0,25,0
13,5,0,0,0,0,7,0,0,1,3,18,0,17,0,7,39,4,0,30,35,46,3,8,12,11,0,0,0,8,0,0,0,27,0,7,14,51,0,0,0,0,20,0,0,0,0,18,0,0,0,29,1,22,0,11,16,14,0,2,0,27,0,5,0,0,23,27,0,0,0,0,0,0,0,24,0
14,4,0,0,0,0,7,0,0,2,2,18,0,20,0,9,39,4,0,29,33,50,3,9,13,11,0,0,0,8,0,0,0,24,0,7,15,54,0,0,0,0,19,0,0,0,0,19,0,0,0,29,1,20,0,14,13,19,0,3,0,25,0,5,0,0,24,24,0,0,0,0,0,0,0,23,0
15,4,0,0,0,0,7,0,0,2,2,20,0,22,1,12,40,3,0,26,34,50,3,10,12,12,0,0,0,9,0,0,0,24,0,6,14,56,0,0,0,0,18,0,0,0,0,18,0,0,0,28,1,18,0,18,13,23,0,3,0,22,0,5,0,0,24,20,0,0,0,0,0,0,0,21,0
16,4,0,0,0,0,6,0,0,2,3,23,0,20,1,13,39,3,0,25,34,46,3,10,11,12,0,0,0,10,1,0,0,27,0,5,12,56,0,0,0,0,17,0,0,0,0,15,0,0,0,28,1,18,0,19,15,21,0,3,0,22,0,5,0,0,23,20,0,0,0,0,0,0,0,20,0
17,4,0,0,0,0,7,0,0,2,3,23,0,15,0,11,35,4,0,27,32,41,3,9,10,11,0,0,0,10,0,0,0,30,0,6,11,54,0,0,0,0,15,0,0,0,0,11,0,0,0,29,2,19,0,17,16,16,0,2,0,23,0,5,0,0,21,24,0,0,0,0,0,0,0,20,0
18,4,0,0,0,0,9,0,0,2,4,21,0,14,0,8,33,5,0,28,32,41,4,8,10,11,0,0,0,11,0,0,0,30,0,8,11,52,0,0,0,0,14,0,0,0,0,11,0,0,0,32,2,20,0,14,15,13,0,1,0,25,0,5,0,0,20,28,0,0,0,0,0,0,0,21,0
19,5,0,0,0,0,10,0,0,1,5,20,0,16,0,7,36,6,0,29,37,46,5,10,11,13,0,0,0,13,0,0,0,30,0,9,14,53,0,0,0,0,15,0,0,0,0,15,0,0,0,34,3,19,0,13,13,14,0,2,0,25,0,4,0,0,20,28,0,0,0,0,0,0,0,23,0
20,6,0,0,0,0,11,0,0,1,8,22,0,20,2,8,43,7,0,27,46,54,6,12,12,16,0,0,0,14,0,0,0,30,0,9,16,56,0,0,0,0,18,0,0,0,0,20,0,0,0,35,4,18,0,14,13,18,0,4,0,24,0,5,0,0,23,27,0,0,0,0,0,0,0,26,0
21,6,0,0,0,1,13,0,0,1,9,25,0,23,2,8,48,8,0,26,51,58,6,14,11,19,0,0,0,17,0,0,0,31,0,8,16,60,0,0,0,0,21,0,0,0,0,21,0,0,0,34,6,20,0,16,16,22,0,7,0,23,0,5,0,0,26,28,0,0,0,0,0,0,0,30,0
22,7,0,0,0,1,15,0,0,2,9,28,0,22,1,9,47,7,0,28,46,58,6,15,11,20,0,0,0,19,0,0,0,30,0,7,16,63,0,0,0,0,21,0,0,0,0,19,0,0,0,31,7,23,0,17,17,24,0,7,0,25,0,7,0,0,27,33,0,0,1,0,0,0,0,33,0
23,7,0,0,0,2,18,0,0,4,7,29,0,21,0,10,41,7,0,30,37,56,6,15,11,19,0,0,0,20,0,0,0,28,0,7,15,63,0,0,0,0,19,0,0,0,0,17,0,0,0,29,7,26,0,16,15,23,0,5,0,27,0,8,0,0,24,38,0,0,1,0,0,0,0,34,0
24,8,0,0,0,1,19,0,0,4,4,28,0,21,0,11,39,8,0,32,31,55,6,15,12,19,0,0,0,21,1,0,0,28,0,8,15,62,0,0,0,0,17,0,0,0,0,18,0,0,0,30,8,26,0,15,12,22,0,3,0,28,0,8,0,0,20,38,0,0,1,0,0,0,0,34,0
25,8,0,0,0,1,18,0,0,4,3,27,0,23,3,12,41,9,0,30,34,55,7,15,12,20,0,0,0,21,1,0,0,30,0,8,16,62,0,0,0,0,18,0,1,0,0,24,0,0,0,34,8,23,0,13,13,21,0,1,0,27,0,7,0,0,18,33,0,0,1,0,0,0,0,33,0
26,8,0,0,0,2,15,0,0,2,4,29,0,25,6,11,45,9,0,27,40,56,7,16,11,20,0,0,0,23,1,0,0,33,0,7,18,63,0,0,0,0,21,0,1,0,0,29,0,0,0,39,8,20,0,12,17,20,0,2,0,25,0,7,0,0,19,29,0,0,1,0,0,0,0,33,0
27,8,0,0,0,2,13,0,0,1,6,31,0,24,6,10,46,9,0,27,40,55,7,16,10,21,0,0,0,25,0,0,0,32,0,7,19,62,0,0,0,0,24,0,1,0,0,30,0,0,0,43,8,21,0,12,21,19,0,2,0,25,0,7,0,0,22,29,0,0,2,0,0,0,0,33,0
28,8,0,0,0,3,13,0,0,2,7,31,0,23,5,9,42,8,0,31,36,52,6,16,10,20,0,0,0,26,0,0,0,28,0,7,19,60,0,0,0,0,25,0,1,0,0,28,0,0,0,43,6,25,0,12,19,20,0,3,0,28,0,8,0,0,24,35,0,0,2,0,0,0,0,33,0
29,9,0,0,0,3,15,0,0,3,6,30,0,22,4,11,38,7,0,36,35,51,6,17,11,20,0,0,0,27,0,0,0,25,0,7,20,58,0,0,0,0,24,0,2,0,0,26,0,0,0,39,6,30,0,13,14,24,0,3,0,29,0,9,0,0,24,42,0,0,2,0,0,0,0,33,0
30,9,0,0,0,3,18,0,0,4,6,28,0,21,8,12,35,8,0,39,41,51,7,18,11,22,0,0,0,27,0,0,0,26,0,6,22,57,0,0,0,0,22,0,3,0,0,30,0,0,0,32,7,31,0,13,10,30,0,3,0,29,0,9,0,0,21,44,0,0,2,0,0,0,0,34,0
31,10,0,0,0,4,19,0,0,5,6,29,0,21,16,12,36,10,0,39,50,52,8,19,11,25,0,0,0,28,0,0,0,30,0,6,23,59,0,0,0,0,23,0,4,0,0,36,0,0,0,24,10,29,0,13,11,31,0,3,0,27,0,8,0,0,18,43,0,0,3,0,0,0,0,36,0
32,10,0,0,0,5,19,0,0,5,7,32,0,22,22,10,37,11,0,39,51,52,9,18,10,28,0,0,0,31,0,0,0,31,0,7,23,60,0,0,0,0,24,0,4,0,0,40,0,0,0,18,12,28,0,12,16,27,0,2,0,26,0,8,0,0,18,40,0,0,5,0,0,0,0,39,0
33,10,0,0,0,6,18,0,0,4,7,34,0,25,24,8,36,12,0,40,41,49,10,16,10,27,0,0,0,33,0,0,0,27,0,9,22,57,0,0,0,0,24,0,5,0,0,36,0,0,0,19,13,29,0,12,18,21,0,2,0,28,0,8,0,0,20,39,0,0,7,0,0,0,0,40,0
34,10,0,0,0,8,18,0,0,3,6,35,0,30,23,8,33,12,0,42,27,44,9,14,10,24,0,0,0,34,0,0,0,20,0,9,21,51,0,0,0,0,24,0,5,0,0,28,0,0,0,23,12,32,0,14,16,19,0,1,0,30,0,9,0,0,22,40,0,0,8,0,0,0,0,38,0
35,10,0,0,0,10,19,0,0,3,7,34,0,32,21,8,32,12,0,43,21,42,9,15,11,22,0,0,0,34,1,0,0,18,0,8,22,45,0,0,0,0,25,0,6,0,0,20,0,0,0,28,12,35,0,14,12,22,0,0,0,30,0,9,0,0,24,41,0,0,10,0,0,0,0,36,0
36,10,0,0,0,11,21,0,0,3,9,33,0,31,21,9,33,11,0,42,26,44,9,18,12,22,0,0,0,33,1,0,0,23,0,7,23,46,0,0,0,0,27,0,6,0,0,18,0,0,0,31,13,35,0,13,10,27,0,0,0,28,0,9,0,0,25,41,0,0,12,0,0,0,0,34,0
37,10,0,0,0,11,24,0,0,4,11,30,0,27,22,9,36,11,0,41,34,51,9,21,11,23,0,0,0,33,1,0,0,29,0,7,23,53,0,0,0,0,27,0,5,0,0,22,0,0,0,31,14,32,0,12,12,30,0,0,0,26,0,9,0,0,23,40,0,0,14,0,0,0,0,33,0
38,10,0,0,0,10,25,0,0,4,11,26,0,24,21,10,39,9,0,40,37,58,8,22,9,25,0,0,0,33,1,0,0,29,0,8,23,63,0,0,0,0,26,0,4,0,0,28,0,0,0,28,14,31,0,13,14,29,0,1,0,25,0,9,0,0,21,39,0,0,14,0,0,0,0,32,0
39,10,0,0,0,9,24,0,0,3,10,22,0,27,20,13,40,9,0,40,35,59,7,22,8,25,0,0,0,33,1,0,0,25,0,10,21,67,0,0,0,0,23,0,4,0,0,29,0,0,0,27,12,31,0,17,14,27,0,3,0,24,0,10,0,0,20,39,0,0,13,0,0,0,0,31,0
40,10,0,0,0,9,21,0,0,3,7,21,0,31,19,16,40,9,0,41,35,54,8,20,8,23,0,0,0,33,1,0,0,23,0,9,19,65,0,0,0,0,22,0,4,0,0,27,0,0,0,29,10,33,0,21,14,27,0,4,0,24,0,10,0,0,21,39,0,0,12,0,0,0,0,29,0
41,10,0,0,0,10,18,0,0,3,5,22,0,33,22,16,37,11,0,40,41,47,9,18,10,21,0,0,0,32,1,0,0,27,0,8,17,58,0,0,0,0,24,0,5,0,0,24,0,0,0,34,9,34,0,22,14,28,0,3,0,23,0,10,0,0,23,39,0,0,12,0,0,0,0,28,0
42,8,0,0,0,11,17,0,0,5,4,25,0,28,25,13,33,12,0,39,49,44,9,15,11,20,0,0,0,32,1,0,0,34,0,6,17,55,0,0,0,0,26,0,6,0,0,23,0,0,0,39,10,33,0,17,15,28,0,1,0,23,0,10,0,0,24,36,0,0,14,0,0,0,0,29,0
43,8,0,0,0,12,18,0,0,6,3,28,0,21,25,10,32,10,0,38,50,47,8,14,11,19,0,0,0,32,1,0,0,37,0,7,19,56,0,0,0,0,27,0,7,0,0,25,0,0,0,40,12,30,0,12,14,24,0,0,0,23,0,10,0,0,22,34,0,0,16,0,0,0,0,31,0
44,8,0,0,0,12,20,0,0,6,4,28,0,19,22,10,36,9,0,37,43,54,7,15,11,18,0,0,0,32,0,0,0,32,0,9,21,58,0,0,0,0,24,0,6,0,0,28,0,0,0,37,14,26,0,12,13,21,0,0,0,23,0,10,0,0,17,32,0,0,15,0,0,0,0,31,0
45,9,0,0,0,12,20,0,0,4,5,27,0,25,17,13,41,9,0,35,34,57,7,18,12,19,0,0,0,33,0,0,0,26,0,10,21,59,0,0,0,0,19,0,5,0,0,30,0,0,0,33,14,24,0,15,11,19,0,1,0,24,0,9,0,0,15,33,0,0,14,0,0,0,0,31,0
46,10,0,0,0,12,20,0,0,2,7,25,0,32,15,16,44,12,0,33,30,54,10,22,12,20,0,0,0,35,0,0,0,24,0,8,21,55,0,0,0,0,17,0,5,0,0,29,0,0,0,30,14,24,0,18,13,21,0,3,0,24,0,9,0,0,17,35,0,0,14,0,0,0,0,32,0
47,10,0,0,0,12,20,0,0,3,8,23,0,34,16,14,41,15,0,33,32,48,13,23,13,22,0,0,0,38,0,0,0,28,0,6,21,51,0,0,0,0,17,0,5,0,0,28,0,0,0,31,12,26,0,17,16,24,0,4,0,23,0,9,0,0,23,38,0,0,14,0,0,0,0,35,0
48,10,0,0,0,12,22,0,0,5,8,23,0,28,19,9,33,17,0,35,35,46,14,21,12,23,0,0,0,40,0,0,0,33,0,6,21,51,0,0,0,0,20,0,6,0,0,27,0,0,0,36,11,30,0,14,17,24,0,4,0,24,0,10,0,0,28,38,0,0,13,0,0,0,0,37,0
49,12,0,0,0,12,24,0,0,6,6,25,0,19,18,5,28,15,0,37,36,50,12,19,12,24,0,0,0,40,0,0,0,32,0,7,22,55,0,0,0,0,23,0,6,0,0,26,0,0,0,40,10,31,0,13,14,22,0,5,0,26,0,11,0,0,29,36,0,0,11,0,0,0,0,36,0
50,15,0,0,0,13,24,0,0,6,4,30,0,15,15,5,28,12,0,39,34,56,10,20,13,25,0,0,0,40,0,0,0,28,0,8,23,60,0,0,0,0,23,0,5,0,0,26,0,0,0,39,11,31,0,16,11,20,0,6,0,27,0,11,0,0,26,33,0,0,8,0,0,0,0,33,0
51,18,0,0,0,13,23,0,0,3,4,34,0,18,10,8,31,12,0,38,34,57,10,23,16,27,0,0,0,40,0,0,0,25,0,8,25,63,0,0,0,0,23,0,5,0,0,24,0,0,0,33,12,30,0,20,10,19,0,7,0,27,0,10,0,0,24,33,0,0,9,0,0,0,0,31,0
52,18,0,0,0,14,23,0,0,1,6,37,0,23,7,11,34,15,0,36,37,54,12,26,18,28,0,0,0,44,1,0,0,27,0,7,28,64,0,0,0,0,22,0,4,0,0,22,0,0,0,27,12,29,0,22,12,19,0,7,0,27,0,10,0,0,24,38,0,0,13,0,0,0,0,32,0
53,16,0,0,0,15,25,0,0,2,8,36,0,28,6,12,35,17,0,35,40,49,15,27,20,29,0,0,0,48,1,0,0,30,0,6,31,63,0,0,0,0,23,0,4,0,0,21,0,0,0,25,12,28,0,18,15,20,0,5,0,27,0,11,0,0,28,42,0,0,18,0,0,0,0,36,0
54,12,0,0,0,15,26,0,0,3,8,32,0,30,6,11,36,18,0,36,39,47,15,26,18,30,0,0,0,50,1,0,0,29,0,8,34,61,0,0,0,0,25,0,4,0,0,22,0,0,0,29,13,28,0,13,16,22,0,4,0,27,0,13,0,0,30,42,0,0,19,0,0,0,0,38,0
55,11,0,0,0,15,25,0,0,4,6,30,0,30,6,12,41,15,0,37,37,49,13,25,15,32,0,0,0,49,0,0,0,25,0,11,35,60,0,0,0,0,26,0,4,0,0,23,0,0,0,33,15,29,0,11,16,24,0,3,0,27,0,13,0,0,30,39,0,0,19,0,0,0,0,37,0
56,12,0,0,0,16,22,0,0,3,4,31,0,31,5,13,47,13,0,37,35,52,11,26,11,34,0,0,0,47,0,0,0,21,0,11,34,58,0,0,0,0,26,0,2,0,0,23,0,0,0,34,17,30,0,13,18,26,0,3,0,28,0,12,0,0,26,36,0,0,19,0,0,0,0,35,0
57,14,0,0,0,17,19,0,0,2,3,33,0,32,4,13,49,15,0,36,36,52,12,28,10,36,0,0,0,47,0,0,0,22,0,10,32,56,0,0,0,0,24,0,0,0,0,21,0,0,0,30,18,31,0,16,22,28,0,3,0,30,0,12,0,0,22,39,0,0,21,0,0,0,0,34,0
58,15,0,0,0,17,21,0,0,1,4,33,0,34,3,11,42,18,0,36,36,51,15,29,11,36,0,0,0,49,1,0,0,26,0,10,33,56,0,0,0,0,21,0,-1,0,0,19,0,0,0,26,16,32,0,17,24,31,0,2,0,32,0,12,0,0,20,47,0,0,21,0,0,0,0,37,0
59,15,0,0,0,14,27,0,0,3,6,29,0,35,1,10,33,22,0,37,35,51,18,29,13,36,0,0,0,52,1,0,0,28,0,10,36,58,0,0,0,0,18,0,-1,0,0,19,0,0,0,24,13,31,0,15,22,34,0,2,0,33,0,13,0,0,22,53,0,0,16,0,0,0,0,41,0
60,14,0,0,0,11,33,0,0,4,7,28,0,36,0,12,27,23,0,37,34,52,19,29,14,36,0,0,0,53,1,0,0,26,0,11,40,61,0,0,0,0,18,0,0,0,0,22,0,0,0,26,12,29,0,13,17,37,0,3,0,33,0,13,0,0,24,52,0,0,8,0,0,0,0,43,0
61,15,0,0,0,8,33,0,0,4,8,30,0,35,0,15,28,21,0,36,36,52,18,29,14,37,0,0,0,53,1,0,0,24,0,11,41,62,0,0,0,0,21,0,0,0,0,25,0,0,0,30,15,26,0,13,14,36,0,4,0,32,0,13,0,0,25,45,0,0,3,0,0,0,0,42,0
62,16,0,0,0,8,30,0,0,2,10,35,0,31,1,17,34,19,0,35,38,49,16,28,13,37,0,0,0,53,1,0,0,23,0,10,37,59,0,0,0,0,26,0,0,0,0,27,0,0,0,33,20,25,0,13,16,30,0,6,0,32,0,12,0,0,24,39,0,0,3,0,0,0,0,39,0
63,17,0,0,0,10,27,0,0,1,11,39,0,25,0,14,39,18,0,36,39,45,15,26,12,35,0,0,0,54,0,0,0,24,0,10,33,55,0,0,0,0,30,0,0,0,0,26,0,0,0,33,21,27,0,12,19,21,0,5,0,34,0,13,0,0,23,39,0,0,8,0,0,0,0,38,0
64,16,0,0,0,12,27,0,0,0,9,37,0,22,0,10,38,18,0,39,36,43,15,24,12,31,0,0,0,55,0,0,0,25,0,12,31,52,0,0,0,0,30,0,0,0,0,26,0,0,0,32,17,30,0,11,20,16,0,4,0,37,0,14,0,0,23,42,0,0,13,0,0,0,0,38,0
65,14,0,0,0,13,28,0,0,2,7,32,0,24,0,9,37,17,0,41,31,46,14,24,14,29,0,0,0,54,0,0,0,22,0,14,33,52,0,0,0,0,28,0,0,0,0,26,0,0,0,30,10,30,0,11,17,18,0,3,0,38,0,15,0,0,24,42,0,0,13,0,0,0,0,37,0
66,13,0,0,0,14,28,0,0,3,4,30,0,30,2,11,37,15,0,40,29,50,12,26,15,29,0,0,0,52,0,0,0,20,0,14,35,54,0,0,0,0,26,0,2,0,0,28,0,0,0,29,6,27,0,14,13,26,0,4,0,35,0,15,0,0,25,38,0,0,11,0,0,0,0,35,0
67,12,0,0,0,14,25,0,0,3,3,33,0,33,4,15,38,13,0,36,30,51,10,29,15,30,0,0,0,50,1,0,0,20,0,13,34,57,0,0,0,0,25,0,2,0,0,27,0,0,0,29,5,25,0,18,13,31,0,5,0,31,0,14,0,0,25,32,0,0,10,0,0,0,0,32,0
68,11,0,0,0,14,22,0,0,3,4,38,0,30,4,16,37,12,0,35,30,47,10,28,13,30,0,0,0,51,1,0,0,22,0,11,29,57,0,0,0,0,24,0,0,0,0,22,0,0,0,29,8,24,0,20,15,30,0,5,0,29,0,13,0,0,24,30,0,0,11,0,0,0,0,30,0
69,11,0,0,0,12,22,0,0,2,6,39,0,24,2,14,34,13,0,36,28,42,11,25,12,28,0,0,0,52,1,0,0,24,0,12,25,55,0,0,0,0,21,0,0,0,0,17,0,0,0,30,10,26,0,18,16,23,0,3,0,31,0,13,0,0,22,35,0,0,11,0,0,0,0,29,0
70,11,0,0,0,8,26,0,0,2,7,36,0,20,0,11,31,16,0,38,27,41,13,23,12,27,0,0,0,53,0,0,0,25,0,15,25,53,0,0,0,0,19,0,0,0,0,15,0,0,0,32,11,27,0,15,15,18,0,2,0,33,0,12,0,0,20,41,0,0,8,0,0,0,0,31,0
71,13,0,0,0,6,30,0,0,2,8,33,0,22,1,9,33,20,0,39,31,46,16,25,13,30,0,0,0,56,0,0,0,24,0,17,29,53,0,0,0,0,20,0,0,0,0,20,0,0,0,35,13,26,0,14,13,18,0,3,0,33,0,12,0,0,21,42,0,0,5,0,0,0,0,34,0
72,14,0,0,0,6,32,0,0,1,11,35,0,28,4,10,40,22,0,37,39,53,18,31,13,36,0,0,0,60,0,0,0,25,0,17,34,56,0,0,0,0,24,0,2,0,0,27,0,0,0,36,17,24,0,15,13,24,0,6,0,32,0,11,0,0,23,40,0,0,6,0,0,0,0,38,0
73,15,0,0,0,9,35,0,0,1,14,41,0,32,6,10,45,22,0,35,44,58,18,36,13,42,0,0,0,67,0,0,0,25,0,15,35,60,0,0,0,0,28,0,2,0,0,31,0,0,0,35,22,25,0,17,15,30,0,10,0,31,0,13,0,0,26,41,0,0,9,0,0,0,0,43,0
74,16,0,0,0,12,39,0,0,3,15,46,0,32,3,11,45,22,0,36,41,59,18,38,12,45,0,0,0,74,0,0,0,25,0,14,33,63,0,0,0,0,29,0,1,0,0,28,0,0,0,32,24,30,0,18,17,32,0,11,0,32,0,16,0,0,27,47,0,0,12,0,0,0,0,48,0
75,17,0,0,0,13,45,0,0,4,12,47,0,30,0,12,40,21,0,40,33,57,17,36,12,44,0,0,0,76,1,0,0,24,0,13,31,64,0,0,0,0,26,0,0,0,0,24,0,0,0,30,25,34,0,17,15,31,0,8,0,35,0,18,0,0,25,54,0,0,11,0,0,0,0,50,0
76,18,0,0,0,11,48,0,0,5,7,45,0,30,0,14,36,22,0,42,27,55,17,35,13,42,0,0,0,75,1,0,0,23,0,14,31,63,0,0,0,0,23,0,2,0,0,25,0,0,0,30,26,35,0,16,12,30,0,5,0,37,0,18,0,0,21,56,0,0,7,0,0,0,0,50,0
77,19,0,0,0,10,45,0,0,5,5,44,0,32,6,15,38,23,0,40,29,55,19,36,14,42,0,0,0,74,1,0,0,24,0,14,33,63,0,0,0,0,23,0,4,0,0,32,0,0,0,34,26,31,0,14,12,29,0,2,0,35,0,16,0,0,18,50,0,0,6,0,0,0,0,49,0
78,19,0,0,0,10,38,0,0,3,6,46,0,35,13,14,41,24,0,37,34,56,20,37,13,44,0,0,0,76,1,0,0,26,0,14,35,63,0,0,0,0,28,0,6,0,0,40,0,0,0,38,27,26,0,13,16,27,0,2,0,33,0,14,0,0,19,42,0,0,9,0,0,0,0,48,0
79,18,0,0,0,13,31,0,0,2,9,49,0,35,15,12,43,23,0,36,35,55,19,37,12,44,0,0,0,80,1,0,0,27,0,13,36,63,0,0,0,0,32,0,7,0,0,42,0,0,0,43,24,27,0,12,20,25,0,4,0,33,0,15,0,0,22,41,0,0,12,0,0,0,0,48,0
80,17,0,0,0,16,30,0,0,2,10,50,0,33,11,12,41,20,0,40,32,53,16,36,11,42,0,0,0,83,1,0,0,24,0,13,37,61,0,0,0,0,34,0,7,0,0,39,0,0,0,44,19,32,0,12,20,26,0,4,0,35,0,17,0,0,25,48,0,0,12,0,0,0,0,48,0
81,18,0,0,0,16,33,0,0,3,10,47,0,31,9,13,36,19,0,46,30,51,15,37,12,41,0,0,0,83,0,0,0,21,0,12,38,59,0,0,0,0,32,0,9,0,0,36,0,0,0,41,16,38,0,13,14,31,0,5,0,37,0,18,0,0,24,58,0,0,10,0,0,0,0,48,0
82,19,0,0,0,15,37,0,0,5,9,44,0,29,16,14,33,20,0,50,34,51,16,38,13,44,0,0,0,81,0,0,0,21,0,11,41,58,0,0,0,0,30,0,12,0,0,40,0,0,0,34,19,41,0,14,10,38,0,5,0,37,0,18,0,0,22,62,0,0,9,0,0,0,0,48,0
83,20,0,0,0,15,38,0,0,6,9,45,0,29,30,15,34,23,0,51,42,52,19,40,13,49,0,0,0,82,1,0,0,24,0,11,42,59,0,0,0,0,30,0,15,0,0,48,0,0,0,25,25,39,0,13,10,41,0,4,0,35,0,16,0,0,19,60,0,0,14,0,0,0,0,51,0
84,20,0,0,0,18,38,0,0,6,10,48,0,30,43,13,35,26,0,50,44,52,22,38,12,54,0,0,0,86,1,0,0,26,0,12,42,60,0,0,0,0,31,0,17,0,0,55,0,0,0,19,31,36,0,12,14,36,0,4,0,33,0,15,0,0,18,56,0,0,22,0,0,0,0,55,0
85,20,0,0,0,22,36,0,0,5,10,51,0,34,48,10,34,27,0,51,37,50,22,33,11,53,0,0,0,90,1,0,0,23,0,14,40,58,0,0,0,0,32,0,17,0,0,52,0,0,0,18,33,37,0,12,17,29,0,3,0,34,0,15,0,0,19,54,0,0,28,0,0,0,0,57,0
86,20,0,0,0,28,34,0,0,4,10,52,0,39,45,9,32,27,0,54,25,45,22,29,11,48,0,0,0,90,1,0,0,17,0,15,38,52,0,0,0,0,32,0,18,0,0,41,0,0,0,22,31,41,0,14,16,25,0,2,0,37,0,15,0,0,22,55,0,0,32,0,0,0,0,55,0
87,20,0,0,0,32,35,0,0,4,10,51,0,43,41,10,30,26,0,55,18,42,21,29,12,42,0,0,0,86,1,0,0,15,0,14,38,46,0,0,0,0,33,0,18,0,0,29,0,0,0,28,29,44,0,15,12,27,0,1,0,37,0,16,0,0,24,56,0,0,36,0,0,0,0,52,0
88,19,0,0,0,35,38,0,0,4,12,49,0,42,40,11,30,25,0,54,21,43,20,34,13,41,0,0,0,82,1,0,0,18,0,12,40,45,0,0,0,0,35,0,18,0,0,25,0,0,0,31,30,45,0,14,10,34,0,0,0,36,0,16,0,0,25,56,0,0,43,0,0,0,0,49,0
89,19,0,0,0,35,41,0,0,4,15,45,0,37,41,11,33,23,0,52,28,49,19,39,12,43,0,0,0,78,1,0,0,22,0,11,41,52,0,0,0,0,36,0,16,0,0,29,0,0,0,31,32,42,0,12,11,38,0,0,0,32,0,15,0,0,24,55,0,0,48,0,0,0,0,47,0
90,18,0,0,0,33,43,0,0,4,16,39,0,33,40,12,36,21,0,51,32,56,17,42,10,45,0,0,0,77,1,0,0,24,0,13,40,61,0,0,0,0,34,0,13,0,0,37,0,0,0,29,31,40,0,12,13,37,0,2,0,30,0,15,0,0,22,53,0,0,48,0,0,0,0,46,0
91,19,0,0,0,29,41,0,0,4,15,33,0,35,36,15,38,19,0,51,30,59,15,42,9,46,0,0,0,75,1,0,0,21,0,15,37,67,0,0,0,0,31,0,11,0,0,40,0,0,0,27,27,39,0,16,14,35,0,4,0,30,0,16,0,0,20,53,0,0,42,0,0,0,0,43,0
92,19,0,0,0,26,35,0,0,3,11,30,0,41,35,18,37,19,0,51,29,55,16,38,9,43,0,0,0,72,1,0,0,19,0,15,33,65,0,0,0,0,29,0,11,0,0,38,0,0,0,28,22,41,0,21,13,34,0,5,0,29,0,16,0,0,21,52,0,0,36,0,0,0,0,41,0
93,18,0,0,0,26,29,0,0,4,7,32,0,43,38,19,35,22,0,51,33,48,18,33,10,39,0,0,0,69,1,0,0,21,0,12,30,59,0,0,0,0,31,0,13,0,0,33,0,0,0,33,20,43,0,22,13,35,0,5,0,28,0,17,0,0,23,51,0,0,35,0,0,0,0,40,0
94,16,0,0,0,29,26,0,0,6,5,36,0,38,43,16,31,24,0,49,41,43,19,28,12,35,0,0,0,67,1,0,0,27,0,10,29,55,0,0,0,0,34,0,15,0,0,32,0,0,0,38,21,42,0,19,14,35,0,2,0,27,0,17,0,0,24,48,0,0,39,0,0,0,0,41,0
95,14,0,0,0,31,27,0,0,7,5,39,0,29,45,12,30,22,0,48,43,46,18,24,12,33,0,0,0,64,1,0,0,30,0,11,31,55,0,0,0,0,35,0,16,0,0,34,0,0,0,40,24,38,0,13,14,31,0,0,0,27,0,16,0,0,22,44,0,0,42,0,0,0,0,43,0
96,14,0,0,0,31,30,0,0,7,5,40,0,24,39,12,33,18,0,46,38,52,14,25,12,32,0,0,0,62,1,0,0,27,0,14,33,58,0,0,0,0,31,0,15,0,0,37,0,0,0,38,27,33,0,12,12,26,0,0,0,28,0,16,0,0,18,42,0,0,41,0,0,0,0,43,0
97,16,0,0,0,30,30,0,0,5,7,38,0,30,30,15,38,17,0,44,30,56,14,30,13,32,0,0,0,61,1,0,0,21,0,15,34,59,0,0,0,0,25,0,13,0,0,40,0,0,0,33,28,30,0,14,11,24,0,1,0,28,0,14,0,0,15,42,0,0,37,0,0,0,0,43,0
98,17,0,0,0,28,29,0,0,3,9,35,0,40,25,18,41,22,0,41,25,54,18,36,13,34,0,0,0,63,0,0,0,19,0,13,34,56,0,0,0,0,22,0,12,0,0,39,0,0,0,30,27,30,0,18,12,25,0,4,0,28,0,13,0,0,16,44,0,0,35,0,0,0,0,44,0
99,18,0,0,0,28,28,0,0,3,11,33,0,44,26,17,39,29,0,40,26,48,24,38,14,36,0,0,0,67,0,0,0,22,0,10,33,51,0,0,0,0,22,0,12,0,0,37,0,0,0,30,24,33,0,18,14,29,0,6,0,27,0,14,0,0,21,47,0,0,35,0,0,0,0,47,0
100,17,0,0,0,27,30,0,0,5,11,32,0,38,30,11,32,32,0,42,29,45,27,36,13,38,0,0,0,70,0,0,0,26,0,8,32,50,0,0,0,0,25,0,13,0,0,36,0,0,0,35,20,36,0,15,16,30,0,6,0,28,0,15,0,0,27,48,0,0,32,0,0,0,0,50,0
101,19,0,0,0,27,32,0,0,7,9,34,0,26,30,6,27,29,0,45,30,48,24,32,13,39,0,0,0,69,0,0,0,26,0,10,33,53,0,0,0,0,29,0,13,0,0,35,0,0,0,39,19,39,0,13,14,28,0,7,0,29,0,16,0,0,29,45,0,0,25,0,0,0,0,50,0
102,24,0,0,0,27,32,0,0,7,5,39,0,19,25,6,26,24,0,47,29,54,19,31,14,41,0,0,0,66,0,0,0,23,0,12,35,59,0,0,0,0,30,0,11,0,0,34,0,0,0,39,19,39,0,15,11,25,0,8,0,31,0,16,0,0,27,41,0,0,19,0,0,0,0,46,0
103,29,0,0,0,27,31,0,0,4,5,45,0,21,18,9,28,22,0,46,29,57,18,35,16,43,0,0,0,65,0,0,0,20,0,12,38,62,0,0,0,0,29,0,10,0,0,32,0,0,0,34,20,37,0,20,9,23,0,9,0,31,0,15,0,0,24,40,0,0,19,0,0,0,0,43,0
104,30,0,0,0,28,30,0,0,2,7,49,0,28,12,13,31,25,0,44,31,54,21,40,19,44,0,0,0,68,1,0,0,21,0,10,41,63,0,0,0,0,28,0,8,0,0,30,0,0,0,28,21,36,0,22,11,23,0,9,0,31,0,14,0,0,24,44,0,0,26,0,0,0,0,43,0
105,27,0,0,0,29,31,0,0,2,10,48,0,34,9,14,32,31,0,42,33,49,26,42,21,45,0,0,0,72,1,0,0,24,0,9,46,62,0,0,0,0,29,0,8,0,0,28,0,0,0,25,20,35,0,19,14,24,0,8,0,31,0,15,0,0,27,49,0,0,34,0,0,0,0,48,0
106,21,0,0,0,29,32,0,0,4,11,43,0,36,9,13,33,32,0,43,33,46,27,41,20,46,0,0,0,74,1,0,0,24,0,11,50,61,0,0,0,0,31,0,8,0,0,29,0,0,0,27,21,34,0,14,15,26,0,6,0,31,0,17,0,0,30,51,0,0,38,0,0,0,0,52,0
107,17,0,0,0,29,31,0,0,5,9,40,0,36,9,14,37,28,0,44,31,48,23,39,16,49,0,0,0,72,1,0,0,20,0,14,51,59,0,0,0,0,32,0,7,0,0,30,0,0,0,32,23,35,0,11,15,29,0,5,0,31,0,17,0,0,30,47,0,0,36,0,0,0,0,51,0
108,18,0,0,0,29,27,0,0,4,6,40,0,37,8,15,43,24,0,44,29,50,20,39,12,52,0,0,0,68,0,0,0,17,0,16,50,57,0,0,0,0,32,0,4,0,0,31,0,0,0,33,27,36,0,12,16,31,0,4,0,31,0,17,0,0,26,43,0,0,35,0,0,0,0,48,0
109,22,0,0,0,30,23,0,0,2,4,43,0,39,7,15,46,25,0,44,30,51,20,41,10,54,0,0,0,66,1,0,0,17,0,15,47,56,0,0,0,0,30,0,0,0,0,28,0,0,0,31,29,38,0,16,20,33,0,4,0,33,0,15,0,0,22,44,0,0,37,0,0,0,0,46,0
110,24,0,0,0,29,24,0,0,2,5,42,0,40,5,13,41,30,0,43,30,50,25,42,11,55,0,0,0,67,1,0,0,20,0,13,46,55,0,0,0,0,27,0,-1,0,0,25,0,0,0,26,26,39,0,17,22,36,0,3,0,35,0,15,0,0,20,52,0,0,37,0,0,0,0,49,0
111,23,0,0,0,25,30,0,0,3,7,39,0,41,2,11,32,37,0,44,29,50,31,42,13,53,0,0,0,69,1,0,0,22,0,13,50,57,0,0,0,0,23,0,-2,0,0,25,0,0,0,23,20,38,0,16,21,40,0,3,0,37,0,16,0,0,21,59,0,0,29,0,0,0,0,55,0
112,22,0,0,0,19,36,0,0,4,8,35,0,42,1,13,25,39,0,44,28,51,32,42,15,53,0,0,0,69,1,0,0,21,0,15,55,60,0,0,0,0,22,0,0,0,0,27,0,0,0,25,17,35,0,14,17,43,0,3,0,37,0,17,0,0,23,59,0,0,16,0,0,0,0,58,0
113,22,0,0,0,14,37,0,0,4,10,37,0,41,1,17,26,37,0,42,29,51,30,42,15,53,0,0,0,67,1,0,0,19,0,15,57,61,0,0,0,0,26,0,1,0,0,32,0,0,0,29,21,31,0,13,13,42,0,6,0,35,0,16,0,0,25,52,0,0,5,0,0,0,0,57,0
114,24,0,0,0,12,33,0,0,3,12,43,0,37,1,19,31,33,0,41,31,49,27,41,14,54,0,0,0,66,1,0,0,18,0,14,53,59,0,0,0,0,31,0,1,0,0,35,0,0,0,32,28,30,0,13,14,36,0,8,0,35,0,15,0,0,24,44,0,0,4,0,0,0,0,53,0
115,25,0,0,0,15,29,0,0,1,13,48,0,30,1,17,35,30,0,42,32,45,25,38,12,51,0,0,0,66,0,0,0,19,0,13,46,55,0,0,0,0,36,0,0,0,0,34,0,0,0,33,31,32,0,12,17,26,0,8,0,36,0,15,0,0,23,42,0,0,11,0,0,0,0,50,0
116,24,0,0,0,18,28,0,0,0,12,46,0,26,0,13,36,29,0,45,30,42,24,34,12,46,0,0,0,66,0,0,0,20,0,15,42,51,0,0,0,0,36,0,-1,0,0,33,0,0,0,31,26,35,0,11,19,19,0,5,0,39,0,17,0,0,23,45,0,0,18,0,0,0,0,50,0
117,22,0,0,0,19,29,0,0,2,9,40,0,27,0,10,34,28,0,47,26,44,23,33,14,41,0,0,0,64,0,0,0,18,0,17,44,51,0,0,0,0,34,0,0,0,0,33,0,0,0,30,16,36,0,10,16,20,0,4,0,41,0,18,0,0,23,46,0,0,19,0,0,0,0,50,0
118,19,0,0,0,20,29,0,0,3,5,37,0,33,2,12,34,25,0,47,24,48,20,35,15,40,0,0,0,60,0,0,0,16,0,19,46,53,0,0,0,0,32,0,2,0,0,35,0,0,0,29,8,33,0,13,13,28,0,5,0,38,0,18,0,0,24,42,0,0,16,0,0,0,0,48,0
119,17,0,0,0,20,26,0,0,3,4,39,0,37,5,17,35,21,0,43,24,50,17,38,15,41,0,0,0,57,1,0,0,15,0,17,46,55,0,0,0,0,31,0,3,0,0,34,0,0,0,28,7,29,0,17,11,35,0,7,0,34,0,17,0,0,25,34,0,0,14,0,0,0,0,43,0
120,16,0,0,0,20,22,0,0,3,5,45,0,35,6,19,35,19,0,40,25,47,16,38,14,42,0,0,0,56,1,0,0,17,0,15,40,56,0,0,0,0,30,0,1,0,0,29,0,0,0,28,10,28,0,19,13,35,0,7,0,31,0,16,0,0,24,32,0,0,15,0,0,0,0,40,0
121,16,0,0,0,17,22,0,0,3,6,47,0,28,4,17,32,21,0,41,23,42,17,35,12,39,0,0,0,56,1,0,0,19,0,15,33,54,0,0,0,0,27,0,0,0,0,22,0,0,0,29,13,29,0,18,15,28,0,5,0,32,0,15,0,0,22,36,0,0,15,0,0,0,0,39,0
122,16,0,0,0,12,25,0,0,2,8,44,0,23,1,13,29,25,0,43,22,40,20,31,12,37,0,0,0,56,1,0,0,20,0,18,32,52,0,0,0,0,23,0,-1,0,0,19,0,0,0,31,14,31,0,15,14,21,0,3,0,35,0,14,0,0,20,42,0,0,11,0,0,0,0,40,0
123,18,0,0,0,8,28,0,0,2,10,40,0,24,1,11,30,30,0,44,24,43,24,32,13,39,0,0,0,57,0,0,0,19,0,21,36,52,0,0,0,0,23,0,0,0,0,24,0,0,0,33,16,30,0,13,12,20,0,3,0,35,0,13,0,0,20,43,0,0,7,0,0,0,0,43,0
124,20,0,0,0,7,31,0,0,2,13,40,0,30,5,11,35,33,0,42,30,50,27,39,13,47,0,0,0,60,0,0,0,19,0,22,42,54,0,0,0,0,27,0,3,0,0,32,0,0,0,35,20,28,0,14,11,25,0,7,0,34,0,13,0,0,22,41,0,0,6,0,0,0,0,49,0
125,21,0,0,0,10,33,0,0,2,16,46,0,35,7,12,41,34,0,40,35,56,28,46,13,55,0,0,0,66,0,0,0,20,0,19,45,58,0,0,0,0,33,0,3,0,0,38,0,0,0,34,26,29,0,16,14,32,0,12,0,32,0,14,0,0,25,41,0,0,10,0,0,0,0,55,0
126,22,0,0,0,14,36,0,0,3,17,52,0,35,5,12,42,33,0,41,34,57,27,48,12,59,0,0,0,71,1,0,0,20,0,17,43,61,0,0,0,0,35,0,2,0,0,36,0,0,0,31,29,33,0,17,15,35,0,14,0,33,0,17,0,0,27,46,0,0,13,0,0,0,0,62,0
127,23,0,0,0,16,41,0,0,4,14,54,0,33,0,13,38,31,0,44,28,56,26,46,12,58,0,0,0,73,1,0,0,19,0,16,39,62,0,0,0,0,32,0,1,0,0,31,0,0,0,29,30,38,0,17,14,35,0,11,0,36,0,20,0,0,25,53,0,0,12,0,0,0,0,65,0
128,24,0,0,0,14,43,0,0,6,9,51,0,32,0,15,34,32,0,47,22,54,26,44,13,55,0,0,0,71,1,0,0,18,0,16,38,62,0,0,0,0,27,0,2,0,0,30,0,0,0,29,30,40,0,15,11,33,0,7,0,38,0,20,0,0,21,55,0,0,9,0,0,0,0,66,0
129,25,0,0,0,11,41,0,0,5,6,50,0,34,6,16,34,34,0,46,22,54,28,44,14,54,0,0,0,69,1,0,0,18,0,17,40,61,0,0,0,0,27,0,5,0,0,37,0,0,0,31,31,36,0,14,10,32,0,4,0,37,0,18,0,0,18,50,0,0,7,0,0,0,0,64,0
130,25,0,0,0,11,35,0,0,4,6,51,0,37,15,16,38,35,0,41,26,54,29,45,13,56,0,0,0,69,1,0,0,20,0,16,43,61,0,0,0,0,31,0,7,0,0,47,0,0,0,36,31,30,0,12,14,30,0,3,0,34,0,15,0,0,18,42,0,0,9,0,0,0,0,62,0
131,24,0,0,0,14,29,0,0,2,9,55,0,37,18,14,40,33,0,40,28,54,28,46,12,56,0,0,0,71,1,0,0,21,0,16,44,61,0,0,0,0,37,0,8,0,0,51,0,0,0,40,28,29,0,12,18,27,0,4,0,33,0,15,0,0,21,39,0,0,12,0,0,0,0,62,0
132,23,0,0,0,17,26,0,0,2,11,55,0,35,14,13,38,30,0,43,26,52,25,44,11,54,0,0,0,73,1,0,0,19,0,15,45,60,0,0,0,0,39,0,8,0,0,48,0,0,0,42,23,35,0,12,18,27,0,6,0,35,0,17,0,0,24,45,0,0,12,0,0,0,0,61,0
133,24,0,0,0,17,28,0,0,3,11,53,0,32,10,14,34,27,0,50,24,49,22,44,11,52,0,0,0,72,0,0,0,16,0,15,46,57,0,0,0,0,38,0,9,0,0,44,0,0,0,40,19,42,0,12,14,32,0,6,0,38,0,19,0,0,24,53,0,0,10,0,0,0,0,61,0
134,25,0,0,0,16,31,0,0,5,10,49,0,31,16,16,31,28,0,55,26,49,23,46,12,54,0,0,0,69,1,0,0,16,0,13,48,56,0,0,0,0,35,0,12,0,0,47,0,0,0,33,20,45,0,13,9,39,0,6,0,38,0,19,0,0,22,58,0,0,9,0,0,0,0,62,0
135,26,0,0,0,16,33,0,0,6,10,48,0,30,31,16,31,32,0,56,32,50,26,47,13,60,0,0,0,68,1,0,0,18,0,13,50,57,0,0,0,0,35,0,15,0,0,56,0,0,0,25,26,44,0,13,9,43,0,5,0,36,0,17,0,0,19,57,0,0,12,0,0,0,0,65,0
136,27,0,0,0,17,33,0,0,6,10,51,0,31,47,14,32,36,0,55,35,50,30,46,12,65,0,0,0,71,1,0,0,20,0,13,50,58,0,0,0,0,36,0,17,0,0,65,0,0,0,19,32,40,0,12,12,40,0,5,0,34,0,15,0,0,18,52,0,0,19,0,0,0,0,69,0
137,26,0,0,0,21,31,0,0,5,11,54,0,34,54,12,31,38,0,56,31,49,31,40,11,65,0,0,0,73,1,0,0,18,0,15,48,57,0,0,0,0,37,0,18,0,0,63,0,0,0,17,35,40,0,12,15,32,0,4,0,34,0,15,0,0,18,50,0,0,25,0,0,0,0,72,0
138,25,0,0,0,26,29,0,0,5,10,56,0,39,51,10,30,37,0,58,21,44,30,35,11,59,0,0,0,74,1,0,0,14,0,17,45,52,0,0,0,0,37,0,18,0,0,51,0,0,0,20,33,44,0,13,15,26,0,2,0,36,0,15,0,0,21,50,0,0,28,0,0,0,0,71,0
139,25,0,0,0,30,30,0,0,4,10,55,0,43,45,11,28,36,0,60,15,40,29,34,12,52,0,0,0,71,1,0,0,11,0,16,45,45,0,0,0,0,37,0,18,0,0,36,0,0,0,25,31,48,0,14,11,28,0,1,0,37,0,16,0,0,23,51,0,0,31,0,0,0,0,67,0
140,24,0,0,0,33,31,0,0,4,12,53,0,43,43,12,28,35,0,59,16,41,28,38,13,48,0,0,0,67,1,0,0,13,0,13,46,43,0,0,0,0,39,0,18,0,0,29,0,0,0,29,31,49,0,13,9,34,0,0,0,36,0,15,0,0,24,51,0,0,36,0,0,0,0,62,0
141,24,0,0,0,33,34,0,0,5,15,48,0,38,44,12,30,32,0,57,21,46,26,44,12,50,0,0,0,63,1,0,0,17,0,12,47,49,0,0,0,0,41,0,16,0,0,33,0,0,0,30,32,46,0,11,9,39,0,0,0,33,0,15,0,0,23,49,0,0,40,0,0,0,0,60,0
142,23,0,0,0,31,36,0,0,5,17,42,0,33,43,12,33,28,0,55,25,53,24,48,10,53,0,0,0,61,1,0,0,19,0,14,46,58,0,0,0,0,40,0,13,0,0,42,0,0,0,28,32,43,0,11,11,39,0,2,0,30,0,15,0,0,21,47,0,0,40,0,0,0,0,58,0
143,23,0,0,0,27,34,0,0,4,16,36,0,34,39,15,35,25,0,55,24,57,21,47,8,54,0,0,0,60,1,0,0,17,0,16,43,64,0,0,0,0,36,0,10,0,0,46,0,0,0,26,28,42,0,14,12,36,0,4,0,29,0,16,0,0,20,47,0,0,35,0,0,0,0,55,0
144,23,0,0,0,24,30,0,0,3,12,32,0,39,36,19,35,25,0,55,22,54,21,44,8,51,0,0,0,57,1,0,0,15,0,17,38,64,0,0,0,0,33,0,10,0,0,45,0,0,0,26,23,44,0,19,12,35,0,6,0,29,0,16,0,0,20,46,0,0,30,0,0,0,0,52,0
145,22,0,0,0,23,24,0,0,4,8,32,0,43,39,21,33,29,0,55,25,47,24,38,10,46,0,0,0,55,1,0,0,16,0,14,34,58,0,0,0,0,34,0,12,0,0,40,0,0,0,30,19,46,0,21,12,36,0,6,0,28,0,16,0,0,22,45,0,0,28,0,0,0,0,50,0
146,20,0,0,0,25,21,0,0,5,6,36,0,39,44,18,29,31,0,53,31,42,26,32,11,41,0,0,0,53,1,0,0,20,0,11,33,53,0,0,0,0,38,0,14,0,0,36,0,0,0,35,20,45,0,18,12,36,0,4,0,27,0,16,0,0,23,42,0,0,30,0,0,0,0,51,0
147,17,0,0,0,27,22,0,0,7,5,40,0,29,46,14,28,29,0,51,34,43,24,27,12,38,0,0,0,51,1,0,0,23,0,11,34,53,0,0,0,0,39,0,15,0,0,38,0,0,0,38,22,42,0,13,13,33,0,0,0,26,0,16,0,0,22,39,0,0,33,0,0,0,0,53,0
148,16,0,0,0,27,24,0,0,7,5,41,0,24,41,13,29,24,0,49,31,49,20,27,12,36,0,0,0,49,1,0,0,21,0,14,37,55,0,0,0,0,36,0,14,0,0,42,0,0,0,36,25,36,0,10,11,28,0,0,0,27,0,15,0,0,18,36,0,0,32,0,0,0,0,54,0
149,18,0,0,0,26,24,0,0,6,7,39,0,27,32,16,34,22,0,47,24,53,18,31,12,36,0,0,0,48,1,0,0,17,0,16,38,57,0,0,0,0,30,0,12,0,0,45,0,0,0,32,26,32,0,12,10,24,0,0,0,27,0,14,0,0,15,35,0,0,29,0,0,0,0,53,0
150,20,0,0,0,24,23,0,0,3,9,36,0,37,26,19,37,26,0,44,20,52,21,38,12,38,0,0,0,49,0,0,0,15,0,15,38,54,0,0,0,0,25,0,11,0,0,45,0,0,0,28,25,31,0,16,10,25,0,4,0,27,0,13,0,0,15,37,0,0,26,0,0,0,0,54,0
151,21,0,0,0,23,22,0,0,3,11,33,0,42,26,19,36,35,0,43,20,47,29,41,13,40,0,0,0,51,0,0,0,16,0,11,36,50,0,0,0,0,24,0,10,0,0,43,0,0,0,28,22,33,0,16,12,28,0,6,0,27,0,13,0,0,20,40,0,0,26,0,0,0,0,57,0
152,20,0,0,0,23,23,0,0,5,12,31,0,38,29,13,31,40,0,44,22,44,33,39,13,41,0,0,0,54,0,0,0,19,0,9,35,48,0,0,0,0,28,0,11,0,0,41,0,0,0,32,19,37,0,14,14,30,0,7,0,27,0,14,0,0,25,40,0,0,24,0,0,0,0,61,0
153,22,0,0,0,22,25,0,0,7,9,33,0,27,30,7,25,38,0,47,23,46,31,35,12,43,0,0,0,53,0,0,0,20,0,10,36,50,0,0,0,0,31,0,11,0,0,40,0,0,0,36,17,40,0,11,13,28,0,8,0,28,0,15,0,0,27,38,0,0,20,0,0,0,0,62,0
154,27,0,0,0,22,25,0,0,7,6,37,0,19,26,6,23,30,0,50,22,51,25,33,13,44,0,0,0,51,0,0,0,18,0,12,38,55,0,0,0,0,33,0,10,0,0,39,0,0,0,37,17,41,0,13,10,25,0,9,0,29,0,15,0,0,26,34,0,0,14,0,0,0,0,58,0
155,33,0,0,0,22,24,0,0,5,5,43,0,19,18,9,26,27,0,49,22,54,22,37,15,46,0,0,0,49,0,0,0,16,0,12,41,59,0,0,0,0,32,0,8,0,0,36,0,0,0,33,18,39,0,17,8,23,0,11,0,30,0,14,0,0,23,33,0,0,13,0,0,0,0,53,0
156,35,0,0,0,23,23,0,0,2,6,48,0,25,12,13,28,30,0,47,23,52,25,42,17,48,0,0,0,51,1,0,0,16,0,10,44,61,0,0,0,0,31,0,7,0,0,33,0,0,0,26,19,37,0,20,9,22,0,11,0,30,0,13,0,0,23,36,0,0,18,0,0,0,0,52,0
157,31,0,0,0,23,24,0,0,2,10,47,0,31,9,14,29,37,0,45,25,48,31,45,19,49,0,0,0,54,1,0,0,18,0,9,48,60,0,0,0,0,32,0,6,0,0,31,0,0,0,23,18,36,0,18,12,23,0,10,0,29,0,13,0,0,25,40,0,0,24,0,0,0,0,57,0
158,25,0,0,0,23,25,0,0,3,11,43,0,33,8,14,30,39,0,45,25,45,33,44,19,50,0,0,0,56,1,0,0,18,0,11,52,58,0,0,0,0,33,0,6,0,0,32,0,0,0,25,18,36,0,13,13,25,0,7,0,29,0,15,0,0,28,42,0,0,27,0,0,0,0,62,0
159,20,0,0,0,23,24,0,0,5,9,39,0,34,8,14,33,35,0,46,24,45,29,41,16,51,0,0,0,55,1,0,0,16,0,14,55,57,0,0,0,0,35,0,6,0,0,33,0,0,0,29,20,36,0,10,13,27,0,6,0,29,0,16,0,0,29,39,0,0,26,0,0,0,0,62,0
160,20,0,0,0,23,21,0,0,5,6,38,0,34,8,16,39,29,0,47,22,48,24,41,12,54,0,0,0,51,1,0,0,13,0,16,53,55,0,0,0,0,36,0,4,0,0,34,0,0,0,31,23,37,0,11,14,30,0,5,0,30,0,15,0,0,26,35,0,0,25,0,0,0,0,58,0
161,23,0,0,0,24,18,0,0,3,4,40,0,35,7,16,42,29,0,46,22,49,24,42,10,57,0,0,0,49,1,0,0,13,0,15,50,54,0,0,0,0,34,0,1,0,0,32,0,0,0,29,25,38,0,13,17,32,0,5,0,31,0,14,0,0,21,35,0,0,25,0,0,0,0,55,0
162,26,0,0,0,23,18,0,0,2,5,41,0,37,5,14,39,34,0,45,23,48,29,44,10,57,0,0,0,50,1,0,0,15,0,13,49,53,0,0,0,0,30,0,-1,0,0,28,0,0,0,25,23,40,0,15,19,34,0,4,0,33,0,14,0,0,19,41,0,0,26,0,0,0,0,58,0
163,26,0,0,0,20,22,0,0,2,6,37,0,38,3,12,31,42,0,45,22,47,35,44,11,56,0,0,0,51,1,0,0,17,0,13,52,54,0,0,0,0,25,0,-1,0,0,26,0,0,0,22,18,39,0,14,19,37,0,3,0,35,0,14,0,0,20,47,0,0,21,0,0,0,0,64,0
164,25,0,0,0,15,27,0,0,4,8,34,0,38,1,13,24,45,0,45,21,48,38,44,13,55,0,0,0,51,1,0,0,16,0,14,57,57,0,0,0,0,24,0,0,0,0,29,0,0,0,23,15,36,0,12,16,41,0,3,0,35,0,15,0,0,22,48,0,0,12,0,0,0,0,69,0
165,24,0,0,0,11,28,0,0,5,9,34,0,38,1,17,23,43,0,44,22,49,36,43,14,55,0,0,0,50,1,0,0,15,0,15,59,58,0,0,0,0,27,0,0,0,0,34,0,0,0,26,17,32,0,11,12,41,0,6,0,34,0,15,0,0,23,42,0,0,4,0,0,0,0,68,0
166,26,0,0,0,10,26,0,0,3,11,39,0,34,1,20,27,38,0,43,23,47,31,42,13,55,0,0,0,48,1,0,0,14,0,14,56,57,0,0,0,0,33,0,1,0,0,37,0,0,0,29,22,30,0,11,12,36,0,9,0,33,0,14,0,0,23,36,0,0,2,0,0,0,0,64,0
167,27,0,0,0,11,22,0,0,1,12,44,0,28,1,18,32,35,0,43,24,43,29,39,11,53,0,0,0,48,0,0,0,14,0,13,49,53,0,0,0,0,38,0,0,0,0,37,0,0,0,30,25,32,0,11,15,26,0,9,0,34,0,14,0,0,22,33,0,0,7,0,0,0,0,60,0
168,26,0,0,0,13,21,0,0,0,12,44,0,24,0,14,33,34,0,46,23,40,28,36,11,48,0,0,0,48,0,0,0,15,0,14,44,50,0,0,0,0,39,0,0,0,0,35,0,0,0,29,22,35,0,9,16,18,0,7,0,37,0,15,0,0,21,35,0,0,11,0,0,0,0,59,0
169,24,0,0,0,15,22,0,0,1,9,39,0,24,0,10,32,32,0,49,20,41,27,33,12,43,0,0,0,47,0,0,0,14,0,16,44,48,0,0,0,0,37,0,0,0,0,35,0,0,0,27,15,36,0,9,15,18,0,5,0,38,0,16,0,0,22,36,0,0,13,0,0,0,0,58,0
170,21,0,0,0,15,22,0,0,3,5,34,0,28,1,12,31,29,0,48,18,45,24,35,14,41,0,0,0,44,0,0,0,12,0,18,47,50,0,0,0,0,34,0,1,0,0,36,0,0,0,26,8,34,0,10,12,24,0,5,0,37,0,16,0,0,22,33,0,0,11,0,0,0,0,56,0
171,19,0,0,0,16,20,0,0,3,4,35,0,33,4,16,32,25,0,45,18,48,20,39,14,41,0,0,0,42,1,0,0,12,0,17,47,52,0,0,0,0,33,0,2,0,0,36,0,0,0,26,5,30,0,14,10,32,0,7,0,33,0,15,0,0,23,28,0,0,9,0,0,0,0,52,0
172,17,0,0,0,15,17,0,0,3,4,40,0,32,5,19,32,22,0,41,18,45,18,39,12,42,0,0,0,40,1,0,0,13,0,14,42,53,0,0,0,0,32,0,1,0,0,32,0,0,0,25,7,28,0,16,11,33,0,9,0,30,0,14,0,0,23,25,0,0,9,0,0,0,0,47,0
173,17,0,0,0,14,16,0,0,3,6,43,0,26,3,18,30,22,0,41,18,41,18,36,11,40,0,0,0,40,1,0,0,14,0,14,35,52,0,0,0,0,29,0,0,0,0,24,0,0,0,26,10,29,0,16,13,27,0,7,0,30,0,13,0,0,21,27,0,0,10,0,0,0,0,45,0
174,17,0,0,0,10,18,0,0,2,7,41,0,21,1,14,27,26,0,44,16,38,21,31,11,37,0,0,0,40,1,0,0,15,0,16,32,50,0,0,0,0,25,0,-1,0,0,20,0,0,0,27,11,31,0,13,13,20,0,3,0,32,0,13,0,0,19,31,0,0,8,0,0,0,0,46,0
175,18,0,0,0,6,21,0,0,2,8,37,0,21,1,11,27,31,0,45,18,40,26,31,11,38,0,0,0,41,0,0,0,15,0,19,36,49,0,0,0,0,24,0,0,0,0,23,0,0,0,30,12,30,0,11,11,18,0,3,0,33,0,12,0,0,18,33,0,0,5,0,0,0,0,49,0
176,20,0,0,0,5,22,0,0,2,11,36,0,25,4,11,32,36,0,44,22,46,29,37,12,45,0,0,0,43,0,0,0,14,0,20,42,51,0,0,0,0,28,0,2,0,0,32,0,0,0,31,15,28,0,11,10,22,0,7,0,32,0,11,0,0,20,32,0,0,4,0,0,0,0,55,0
177,22,0,0,0,7,24,0,0,1,14,41,0,30,6,12,37,37,0,41,26,52,30,45,12,53,0,0,0,46,0,0,0,15,0,19,45,55,0,0,0,0,34,0,2,0,0,39,0,0,0,31,20,28,0,13,11,28,0,13,0,30,0,12,0,0,23,31,0,0,6,0,0,0,0,62,0
178,23,0,0,0,10,26,0,0,2,15,47,0,31,5,12,39,36,0,41,26,54,29,48,11,58,0,0,0,50,0,0,0,15,0,16,43,58,0,0,0,0,36,0,1,0,0,38,0,0,0,29,23,32,0,14,13,32,0,16,0,31,0,14,0,0,25,34,0,0,8,0,0,0,0,69,0
179,23,0,0,0,12,29,0,0,4,13,49,0,29,1,13,36,34,0,44,22,53,28,47,11,57,0,0,0,52,1,0,0,14,0,15,40,59,0,0,0,0,34,0,0,0,0,32,0,0,0,27,24,37,0,14,13,32,0,14,0,33,0,17,0,0,24,39,0,0,8,0,0,0,0,74,0
180,24,0,0,0,11,32,0,0,5,9,47,0,28,0,15,32,34,0,48,17,51,27,44,12,54,0,0,0,50,1,0,0,13,0,15,38,59,0,0,0,0,29,0,1,0,0,30,0,0,0,26,23,39,0,13,10,30,0,9,0,36,0,18,0,0,20,42,0,0,6,0,0,0,0,75,0
181,25,0,0,0,9,31,0,0,5,5,45,0,29,3,16,31,35,0,47,16,51,29,43,12,53,0,0,0,49,1,0,0,14,0,15,39,58,0,0,0,0,28,0,3,0,0,36,0,0,0,28,24,36,0,12,9,29,0,5,0,35,0,16,0,0,17,39,0,0,4,0,0,0,0,73,0
182,25,0,0,0,8,27,0,0,4,5,46,0,31,11,16,34,37,0,43,19,51,30,45,12,54,0,0,0,48,1,0,0,15,0,15,42,58,0,0,0,0,32,0,5,0,0,46,0,0,0,31,24,31,0,10,11,27,0,4,0,32,0,14,0,0,17,33,0,0,5,0,0,0,0,70,0
183,24,0,0,0,10,22,0,0,2,7,49,0,32,14,15,37,36,0,40,21,51,29,45,11,54,0,0,0,50,1,0,0,16,0,14,44,58,0,0,0,0,38,0,6,0,0,52,0,0,0,36,22,29,0,10,15,25,0,5,0,31,0,13,0,0,19,29,0,0,7,0,0,0,0,69,0
184,23,0,0,0,12,19,0,0,2,9,50,0,31,12,13,36,32,0,43,20,49,26,44,10,52,0,0,0,51,1,0,0,15,0,14,44,57,0,0,0,0,41,0,6,0,0,50,0,0,0,38,18,33,0,10,16,24,0,7,0,33,0,15,0,0,22,32,0,0,8,0,0,0,0,69,0
185,23,0,0,0,13,20,0,0,3,9,48,0,28,8,13,32,28,0,49,18,47,23,43,10,50,0,0,0,50,0,0,0,13,0,13,45,54,0,0,0,0,40,0,6,0,0,45,0,0,0,36,14,40,0,10,13,28,0,7,0,35,0,17,0,0,22,39,0,0,7,0,0,0,0,68,0
186,25,0,0,0,13,22,0,0,5,8,45,0,27,11,15,29,28,0,55,19,46,23,44,11,51,0,0,0,49,0,0,0,12,0,12,47,53,0,0,0,0,37,0,8,0,0,46,0,0,0,31,14,44,0,11,9,34,0,7,0,36,0,17,0,0,21,43,0,0,5,0,0,0,0,69,0
187,26,0,0,0,12,24,0,0,6,8,43,0,26,22,16,28,32,0,57,23,47,26,46,11,56,0,0,0,48,1,0,0,13,0,11,49,53,0,0,0,0,36,0,10,0,0,54,0,0,0,24,18,43,0,10,7,38,0,7,0,34,0,15,0,0,18,43,0,0,7,0,0,0,0,71,0
188,26,0,0,0,13,24,0,0,6,9,45,0,26,35,15,29,36,0,56,26,47,30,45,11,62,0,0,0,49,1,0,0,15,0,12,49,55,0,0,0,0,37,0,12,0,0,64,0,0,0,18,24,40,0,10,10,36,0,6,0,32,0,14,0,0,16,40,0,0,12,0,0,0,0,76,0
189,26,0,0,0,16,23,0,0,5,9,48,0,28,42,12,29,38,0,56,24,46,32,40,9,63,0,0,0,51,1,0,0,14,0,14,47,54,0,0,0,0,38,0,12,0,0,64,0,0,0,15,26,39,0,9,13,29,0,5,0,32,0,13,0,0,17,37,0,0,15,0,0,0,0,79,0
190,25,0,0,0,19,21,0,0,5,9,50,0,33,40,10,28,38,0,58,17,43,31,35,9,57,0,0,0,51,1,0,0,11,0,15,44,50,0,0,0,0,38,0,13,0,0,53,0,0,0,17,25,42,0,10,13,23,0,3,0,34,0,14,0,0,19,37,0,0,18,0,0,0,0,79,0
191,24,0,0,0,23,21,0,0,4,8,50,0,37,36,11,26,37,0,60,11,39,30,33,10,50,0,0,0,49,1,0,0,9,0,15,43,43,0,0,0,0,38,0,13,0,0,38,0,0,0,22,23,46,0,11,11,24,0,2,0,35,0,14,0,0,21,38,0,0,20,0,0,0,0,74,0
192,24,0,0,0,25,22,0,0,4,10,48,0,37,33,11,26,35,0,60,11,38,29,36,11,46,0,0,0,46,1,0,0,9,0,12,44,40,0,0,0,0,40,0,13,0,0,30,0,0,0,26,23,48,0,11,8,29,0,0,0,34,0,14,0,0,22,38,0,0,22,0,0,0,0,69,0
193,23,0,0,0,26,24,0,0,4,12,44,0,33,33,11,27,33,0,58,15,42,27,42,11,47,0,0,0,44,1,0,0,12,0,11,45,44,0,0,0,0,42,0,11,0,0,31,0,0,0,27,24,46,0,9,8,34,0,0,0,31,0,13,0,0,21,37,0,0,26,0,0,0,0,66,0
194,22,0,0,0,24,26,0,0,4,14,39,0,29,33,12,30,29,0,56,18,49,24,46,9,50,0,0,0,42,1,0,0,14,0,12,45,53,0,0,0,0,41,0,9,0,0,39,0,0,0,25,24,42,0,9,10,34,0,2,0,29,0,13,0,0,20,35,0,0,26,0,0,0,0,64,0
195,22,0,0,0,21,25,0,0,4,13,33,0,28,30,14,32,25,0,55,18,53,21,46,7,51,0,0,0,41,1,0,0,13,0,14,42,60,0,0,0,0,38,0,7,0,0,45,0,0,0,23,21,41,0,11,11,32,0,5,0,28,0,14,0,0,18,34,0,0,23,0,0,0,0,61,0
196,22,0,0,0,19,22,0,0,3,10,29,0,32,28,18,32,25,0,56,17,52,21,43,7,48,0,0,0,40,1,0,0,11,0,15,38,60,0,0,0,0,34,0,7,0,0,45,0,0,0,23,17,42,0,15,11,30,0,8,0,27,0,14,0,0,18,34,0,0,20,0,0,0,0,57,0
197,22,0,0,0,18,18,0,0,3,7,28,0,36,28,20,31,28,0,55,18,45,23,38,8,44,0,0,0,38,1,0,0,11,0,13,33,56,0,0,0,0,34,0,8,0,0,40,0,0,0,26,14,44,0,17,10,31,0,8,0,27,0,14,0,0,20,33,0,0,18,0,0,0,0,54,0
198,19,0,0,0,19,16,0,0,5,5,31,0,34,32,18,28,31,0,54,22,40,25,32,9,39,0,0,0,36,1,0,0,14,0,10,31,50,0,0,0,0,37,0,9,0,0,36,0,0,0,30,14,44,0,15,11,31,0,5,0,26,0,14,0,0,21,31,0,0,19,0,0,0,0,54,0
199,17,0,0,0,21,16,0,0,7,4,35,0,26,34,14,26,29,0,52,25,40,24,27,10,36,0,0,0,35,1,0,0,17,0,10,32,49,0,0,0,0,40,0,10,0,0,37,0,0,0,33,16,41,0,11,11,29,0,1,0,25,0,14,0,0,20,29,0,0,21,0,0,0,0,57,0
200,16,0,0,0,21,17,0,0,7,4,37,0,20,31,12,27,24,0,50,23,45,20,26,10,34,0,0,0,33,1,0,0,16,0,12,34,51,0,0,0,0,38,0,10,0,0,40,0,0,0,32,18,36,0,9,10,24,0,0,0,25,0,14,0,0,17,27,0,0,21,0,0,0,0,58,0
201,17,0,0,0,21,18,0,0,6,5,35,0,22,25,14,31,21,0,48,19,49,17,29,10,34,0,0,0,32,1,0,0,13,0,14,36,53,0,0,0,0,31,0,8,0,0,43,0,0,0,29,19,31,0,9,9,21,0,0,0,26,0,13,0,0,14,26,0,0,19,0,0,0,0,57,0
202,19,0,0,0,19,17,0,0,3,6,33,0,30,19,18,34,24,0,45,15,49,20,35,11,35,0,0,0,33,0,0,0,11,0,13,36,51,0,0,0,0,25,0,7,0,0,44,0,0,0,25,18,30,0,12,9,21,0,4,0,26,0,11,0,0,13,27,0,0,17,0,0,0,0,57,0
203,20,0,0,0,18,16,0,0,3,8,30,0,35,18,18,34,32,0,43,15,45,27,40,11,37,0,0,0,34,0,0,0,12,0,10,35,47,0,0,0,0,24,0,7,0,0,42,0,0,0,24,16,32,0,13,10,24,0,8,0,26,0,11,0,0,17,28,0,0,16,0,0,0,0,60,0
204,19,0,0,0,18,17,0,0,4,9,28,0,33,21,14,30,39,0,44,16,41,32,38,11,38,0,0,0,36,0,0,0,14,0,8,33,45,0,0,0,0,27,0,7,0,0,39,0,0,0,27,14,35,0,12,12,25,0,9,0,26,0,12,0,0,22,29,0,0,16,0,0,0,0,65,0
205,20,0,0,0,18,18,0,0,6,8,29,0,24,22,8,24,37,0,47,17,42,31,34,11,39,0,0,0,36,0,0,0,15,0,8,34,46,0,0,0,0,31,0,7,0,0,38,0,0,0,31,12,38,0,9,12,24,0,10,0,27,0,13,0,0,25,28,0,0,13,0,0,0,0,66,0
206,24,0,0,0,18,18,0,0,7,5,32,0,17,19,5,22,31,0,50,17,47,25,32,11,41,0,0,0,35,0,0,0,14,0,10,36,51,0,0,0,0,33,0,7,0,0,37,0,0,0,32,12,39,0,10,9,22,0,11,0,28,0,14,0,0,24,25,0,0,9,0,0,0,0,62,0
207,30,0,0,0,18,18,0,0,5,3,38,0,15,14,8,23,26,0,50,16,50,21,34,12,43,0,0,0,33,0,0,0,12,0,11,38,55,0,0,0,0,32,0,6,0,0,35,0,0,0,29,13,38,0,13,7,19,0,13,0,29,0,13,0,0,21,24,0,0,8,0,0,0,0,57,0
208,33,0,0,0,18,17,0,0,2,4,42,0,20,9,12,26,28,0,47,17,49,23,40,15,44,0,0,0,34,1,0,0,12,0,9,41,56,0,0,0,0,31,0,5,0,0,32,0,0,0,24,13,36,0,16,8,19,0,15,0,29,0,12,0,0,20,25,0,0,10,0,0,0,0,55,0
209,31,0,0,0,19,17,0,0,1,7,42,0,25,7,14,28,34,0,45,18,45,29,43,16,45,0,0,0,36,1,0,0,13,0,8,45,56,0,0,0,0,31,0,4,0,0,30,0,0,0,20,13,35,0,15,10,19,0,13,0,29,0,12,0,0,22,28,0,0,14,0,0,0,0,59,0
210,25,0,0,0,19,18,0,0,3,8,39,0,28,6,14,28,37,0,45,19,42,32,42,16,46,0,0,0,38,1,0,0,14,0,9,49,54,0,0,0,0,33,0,4,0,0,30,0,0,0,21,13,34,0,11,11,21,0,10,0,28,0,13,0,0,25,30,0,0,17,0,0,0,0,65,0
211,19,0,0,0,19,18,0,0,4,7,35,0,28,6,14,31,34,0,46,18,42,29,39,14,47,0,0,0,37,1,0,0,12,0,12,51,53,0,0,0,0,35,0,4,0,0,31,0,0,0,24,13,34,0,8,12,23,0,8,0,28,0,15,0,0,26,28,0,0,16,0,0,0,0,66,0
212,19,0,0,0,19,16,0,0,5,5,34,0,29,6,15,36,29,0,47,17,44,24,38,11,50,0,0,0,35,0,0,0,10,0,14,50,51,0,0,0,0,36,0,3,0,0,32,0,0,0,26,16,35,0,8,12,24,0,7,0,29,0,14,0,0,24,25,0,0,16,0,0,0,0,62,0
213,22,0,0,0,20,13,0,0,3,3,36,0,29,5,15,39,27,0,46,17,45,22,40,8,52,0,0,0,33,0,0,0,9,0,13,47,50,0,0,0,0,34,0,1,0,0,30,0,0,0,25,17,37,0,10,14,26,0,7,0,30,0,13,0,0,20,25,0,0,16,0,0,0,0,59,0
214,24,0,0,0,20,13,0,0,2,3,36,0,31,4,14,37,31,0,45,17,45,26,42,8,53,0,0,0,33,1,0,0,11,0,12,46,49,0,0,0,0,31,0,0,0,0,27,0,0,0,22,17,38,0,12,17,28,0,6,0,32,0,13,0,0,17,28,0,0,16,0,0,0,0,60,0
215,25,0,0,0,17,15,0,0,2,4,34,0,32,2,12,30,39,0,45,17,44,32,42,9,52,0,0,0,34,1,0,0,12,0,11,48,49,0,0,0,0,26,0,-1,0,0,25,0,0,0,19,13,38,0,11,17,31,0,4,0,34,0,13,0,0,17,33,0,0,14,0,0,0,0,66,0
216,24,0,0,0,14,19,0,0,4,5,30,0,32,1,12,23,43,0,46,16,44,36,41,11,51,0,0,0,35,1,0,0,12,0,12,53,52,0,0,0,0,24,0,0,0,0,27,0,0,0,19,10,35,0,10,14,33,0,4,0,34,0,14,0,0,19,34,0,0,9,0,0,0,0,72,0
217,23,0,0,0,10,21,0,0,4,6,30,0,32,0,15,21,42,0,45,16,45,34,41,12,51,0,0,0,34,1,0,0,11,0,13,56,53,0,0,0,0,26,0,0,0,0,31,0,0,0,21,11,32,0,9,11,34,0,7,0,33,0,14,0,0,20,31,0,0,3,0,0,0,0,72,0
218,24,0,0,0,8,19,0,0,3,7,34,0,29,1,19,25,37,0,43,17,44,30,40,11,51,0,0,0,33,1,0,0,10,0,12,53,53,0,0,0,0,31,0,0,0,0,34,0,0,0,24,15,29,0,9,10,31,0,11,0,32,0,13,0,0,20,26,0,0,1,0,0,0,0,67,0
219,25,0,0,0,9,17,0,0,1,8,39,0,25,0,18,30,33,0,43,18,41,28,38,10,50,0,0,0,32,0,0,0,10,0,11,47,49,0,0,0,0,37,0,0,0,0,35,0,0,0,25,17,30,0,9,12,23,0,13,0,33,0,13,0,0,20,24,0,0,3,0,0,0,0,63,0
220,25,0,0,0,11,16,0,0,0,8,40,0,20,0,14,31,32,0,46,18,38,26,34,9,45,0,0,0,32,0,0,0,11,0,12,41,46,0,0,0,0,39,0,0,0,0,33,0,0,0,25,16,33,0,8,14,16,0,10,0,36,0,13,0,0,19,25,0,0,7,0,0,0,0,61,0
221,23,0,0,0,12,16,0,0,1,7,35,0,19,0,10,30,31,0,49,15,38,26,32,10,40,0,0,0,32,0,0,0,10,0,14,41,44,0,0,0,0,37,0,0,0,0,32,0,0,0,23,11,35,0,7,13,14,0,7,0,38,0,15,0,0,19,26,0,0,8,0,0,0,0,61,0
222,20,0,0,0,13,16,0,0,2,4,31,0,23,0,11,29,28,0,49,14,41,23,33,11,38,0,0,0,30,0,0,0,9,0,15,44,45,0,0,0,0,35,0,1,0,0,34,0,0,0,22,6,33,0,8,11,19,0,7,0,37,0,15,0,0,20,24,0,0,7,0,0,0,0,59,0
223,18,0,0,0,13,15,0,0,3,2,31,0,27,2,15,30,24,0,46,13,44,19,36,12,38,0,0,0,28,0,0,0,8,0,15,44,47,0,0,0,0,33,0,1,0,0,34,0,0,0,22,4,29,0,10,9,25,0,10,0,33,0,14,0,0,20,20,0,0,6,0,0,0,0,54,0
224,17,0,0,0,13,13,0,0,3,3,35,0,27,3,18,31,21,0,42,14,43,17,37,11,39,0,0,0,27,1,0,0,9,0,13,40,49,0,0,0,0,32,0,1,0,0,31,0,0,0,21,5,27,0,13,9,28,0,12,0,30,0,13,0,0,20,18,0,0,6,0,0,0,0,49,0
225,16,0,0,0,12,12,0,0,3,4,39,0,23,3,17,29,21,0,41,13,38,17,35,10,38,0,0,0,27,1,0,0,10,0,12,33,48,0,0,0,0,29,0,0,0,0,24,0,0,0,21,6,28,0,13,11,24,0,10,0,29,0,13,0,0,19,18,0,0,6,0,0,0,0,47,0
226,16,0,0,0,9,13,0,0,2,4,37,0,18,1,14,26,24,0,44,12,35,19,30,9,35,0,0,0,27,1,0,0,11,0,13,30,46,0,0,0,0,26,0,0,0,0,19,0,0,0,23,7,29,0,11,11,17,0,5,0,32,0,12,0,0,17,22,0,0,5,0,0,0,0,47,0
227,17,0,0,0,6,15,0,0,2,5,33,0,17,0,11,25,29,0,46,13,36,23,29,9,35,0,0,0,27,0,0,0,11,0,16,32,45,0,0,0,0,24,0,0,0,0,21,0,0,0,24,8,29,0,9,10,15,0,4,0,33,0,11,0,0,16,24,0,0,3,0,0,0,0,50,0
228,19,0,0,0,4,16,0,0,2,7,32,0,20,2,10,29,33,0,44,16,42,27,34,10,40,0,0,0,28,0,0,0,10,0,18,38,46,0,0,0,0,27,0,1,0,0,28,0,0,0,26,10,28,0,9,9,17,0,9,0,32,0,11,0,0,17,23,0,0,2,0,0,0,0,55,0
229,21,0,0,0,6,17,0,0,1,9,36,0,25,4,11,34,35,0,42,19,47,28,41,10,48,0,0,0,30,0,0,0,11,0,16,42,49,0,0,0,0,32,0,1,0,0,35,0,0,0,26,13,27,0,10,10,22,0,17,0,31,0,11,0,0,20,22,0,0,3,0,0,0,0,63,0
230,22,0,0,0,8,19,0,0,2,10,41,0,26,3,12,37,34,0,41,20,50,28,45,10,54,0,0,0,33,0,0,0,11,0,14,41,52,0,0,0,0,36,0,1,0,0,35,0,0,0,24,15,30,0,11,11,26,0,22,0,30,0,13,0,0,22,23,0,0,5,0,0,0,0,70,0
231,23,0,0,0,10,21,0,0,3,9,44,0,25,1,12,34,32,0,44,17,49,26,44,9,54,0,0,0,34,1,0,0,10,0,13,37,54,0,0,0,0,34,0,0,0,0,31,0,0,0,22,16,35,0,11,11,26,0,21,0,33,0,16,0,0,21,27,0,0,5,0,0,0,0,76,0
232,24,0,0,0,10,24,0,0,5,6,43,0,23,0,13,31,31,0,48,13,47,26,42,10,51,0,0,0,34,1,0,0,10,0,13,35,53,0,0,0,0,30,0,0,0,0,28,0,0,0,21,15,38,0,10,9,25,0,14,0,35,0,17,0,0,18,29,0,0,4,0,0,0,0,77,0
233,25,0,0,0,8,23,0,0,5,4,40,0,24,1,15,29,33,0,48,12,47,27,41,10,49,0,0,0,32,1,0,0,10,0,13,36,53,0,0,0,0,27,0,1,0,0,32,0,0,0,22,16,36,0,9,8,24,0,8,0,35,0,16,0,0,15,28,0,0,2,0,0,0,0,75,0
234,25,0,0,0,7,21,0,0,4,3,41,0,26,6,15,32,34,0,44,14,47,28,42,10,50,0,0,0,32,1,0,0,11,0,13,39,53,0,0,0,0,30,0,3,0,0,41,0,0,0,25,16,30,0,8,9,22,0,5,0,33,0,14,0,0,14,23,0,0,3,0,0,0,0,73,0
235,24,0,0,0,9,17,0,0,2,4,43,0,27,9,14,35,34,0,41,16,47,28,43,9,50,0,0,0,33,1,0,0,11,0,12,40,53,0,0,0,0,36,0,4,0,0,47,0,0,0,29,15,28,0,8,13,20,0,6,0,31,0,13,0,0,16,21,0,0,4,0,0,0,0,72,0
236,23,0,0,0,11,14,0,0,2,6,45,0,26,8,12,34,30,0,42,15,45,25,42,8,49,0,0,0,34,1,0,0,11,0,12,41,52,0,0,0,0,40,0,4,0,0,46,0,0,0,31,12,30,0,7,14,20,0,9,0,32,0,14,0,0,18,22,0,0,5,0,0,0,0,71,0
237,23,0,0,0,12,15,0,0,2,6,43,0,24,6,12,31,27,0,48,13,43,22,41,8,47,0,0,0,33,0,0,0,9,0,12,42,50,0,0,0,0,40,0,4,0,0,42,0,0,0,30,10,37,0,8,12,22,0,10,0,35,0,16,0,0,19,26,0,0,4,0,0,0,0,70,0
238,24,0,0,0,11,16,0,0,4,5,40,0,23,6,14,28,26,0,54,14,42,21,41,9,47,0,0,0,32,0,0,0,8,0,11,43,48,0,0,0,0,37,0,5,0,0,41,0,0,0,26,9,42,0,8,8,27,0,10,0,36,0,16,0,0,18,30,0,0,3,0,0,0,0,70,0
239,25,0,0,0,11,18,0,0,5,5,39,0,22,13,15,27,29,0,57,17,43,24,43,10,51,0,0,0,31,0,0,0,9,0,10,45,48,0,0,0,0,36,0,6,0,0,48,0,0,0,20,11,42,0,8,6,31,0,10,0,35,0,15,0,0,16,30,0,0,4,0,0,0,0,73,0
240,26,0,0,0,11,18,0,0,6,5,40,0,22,21,14,28,33,0,56,19,44,28,43,9,57,0,0,0,32,1,0,0,10,0,10,46,49,0,0,0,0,36,0,8,0,0,57,0,0,0,15,15,39,0,7,8,30,0,9,0,32,0,13,0,0,14,28,0,0,6,0,0,0,0,77,0
241,25,0,0,0,13,17,0,0,5,6,43,0,23,26,12,28,36,0,56,18,43,30,39,8,59,0,0,0,33,1,0,0,10,0,11,44,49,0,0,0,0,37,0,8,0,0,59,0,0,0,12,17,37,0,7,11,25,0,7,0,32,0,13,0,0,14,26,0,0,9,0,0,0,0,81,0
242,25,0,0,0,17,16,0,0,4,6,45,0,27,26,10,27,36,0,58,14,40,29,33,8,55,0,0,0,34,1,0,0,8,0,13,42,46,0,0,0,0,38,0,8,0,0,51,0,0,0,13,16,40,0,8,12,19,0,5,0,34,0,13,0,0,16,25,0,0,10,0,0,0,0,81,0
243,24,0,0,0,20,16,0,0,4,5,45,0,30,23,10,25,34,0,61,9,36,28,31,8,48,0,0,0,33,1,0,0,6,0,13,40,40,0,0,0,0,38,0,8,0,0,37,0,0,0,17,15,44,0,8,10,19,0,3,0,36,0,13,0,0,18,26,0,0,11,0,0,0,0,77,0
244,24,0,0,0,22,17,0,0,4,6,43,0,31,21,11,24,33,0,61,8,34,27,33,9,43,0,0,0,31,1,0,0,6,0,11,41,37,0,0,0,0,39,0,8,0,0,28,0,0,0,20,14,46,0,8,7,22,0,1,0,35,0,13,0,0,19,26,0,0,12,0,0,0,0,72,0
245,23,0,0,0,23,18,0,0,4,7,40,0,28,21,11,25,31,0,59,10,37,25,38,9,43,0,0,0,29,1,0,0,8,0,9,42,39,0,0,0,0,41,0,8,0,0,28,0,0,0,21,15,45,0,7,7,27,0,0,0,32,0,13,0,0,19,25,0,0,14,0,0,0,0,68,0
246,22,0,0,0,22,19,0,0,4,9,36,0,24,21,11,28,28,0,57,13,44,23,43,8,46,0,0,0,28,1,0,0,9,0,10,42,46,0,0,0,0,41,0,6,0,0,34,0,0,0,20,15,41,0,7,8,28,0,2,0,30,0,13,0,0,17,24,0,0,15,0,0,0,0,66,0
247,22,0,0,0,20,19,0,0,4,9,30,0,23,19,13,30,24,0,56,13,49,20,44,6,47,0,0,0,27,1,0,0,9,0,12,40,53,0,0,0,0,38,0,5,0,0,41,0,0,0,19,14,39,0,8,9,26,0,6,0,28,0,13,0,0,16,23,0,0,14,0,0,0,0,63,0
248,22,0,0,0,17,17,0,0,3,7,26,0,26,17,16,31,23,0,56,12,48,19,41,6,46,0,0,0,26,1,0,0,8,0,13,36,55,0,0,0,0,34,0,4,0,0,41,0,0,0,18,11,40,0,11,9,24,0,10,0,28,0,14,0,0,15,23,0,0,11,0,0,0,0,59,0
249,22,0,0,0,16,14,0,0,3,5,25,0,30,17,19,30,25,0,56,13,43,21,37,7,42,0,0,0,24,1,0,0,8,0,12,32,51,0,0,0,0,34,0,5,0,0,37,0,0,0,20,9,43,0,13,9,25,0,11,0,27,0,14,0,0,17,23,0,0,10,0,0,0,0,56,0
250,20,0,0,0,17,12,0,0,4,3,27,0,29,19,18,27,28,0,55,16,37,23,31,8,37,0,0,0,23,1,0,0,9,0,9,29,46,0,0,0,0,37,0,6,0,0,33,0,0,0,23,8,43,0,12,9,25,0,8,0,26,0,14,0,0,18,21,0,0,10,0,0,0,0,56,0
251,17,0,0,0,19,11,0,0,6,2,31,0,23,21,14,25,28,0,53,18,36,23,26,8,34,0,0,0,22,1,0,0,11,0,8,29,44,0,0,0,0,40,0,6,0,0,33,0,0,0,26,9,41,0,9,10,24,0,3,0,26,0,14,0,0,18,20,0,0,11,0,0,0,0,58,0
252,16,0,0,0,19,12,0,0,7,2,33,0,17,20,11,25,24,0,51,18,40,19,24,9,32,0,0,0,21,1,0,0,11,0,10,32,45,0,0,0,0,38,0,6,0,0,36,0,0,0,26,11,36,0,7,9,20,0,0,0,26,0,13,0,0,15,18,0,0,11,0,0,0,0,59,0
253,17,0,0,0,19,13,0,0,6,3,32,0,18,16,13,28,20,0,49,15,45,16,27,9,31,0,0,0,20,1,0,0,9,0,12,34,47,0,0,0,0,32,0,5,0,0,39,0,0,0,23,11,31,0,7,8,17,0,0,0,26,0,12,0,0,12,17,0,0,10,0,0,0,0,59,0
254,19,0,0,0,18,13,0,0,4,4,30,0,23,12,17,32,22,0,46,11,46,18,32,9,32,0,0,0,20,0,0,0,8,0,12,34,46,0,0,0,0,26,0,5,0,0,39,0,0,0,20,11,29,0,9,7,16,0,5,0,26,0,11,0,0,11,18,0,0,9,0,0,0,0,59,0
255,20,0,0,0,17,12,0,0,2,5,27,0,29,11,18,33,29,0,44,11,42,24,37,9,34,0,0,0,21,0,0,0,8,0,9,33,43,0,0,0,0,24,0,4,0,0,38,0,0,0,19,10,30,0,10,9,18,0,10,0,26,0,11,0,0,14,19,0,0,9,0,0,0,0,61,0
256,20,0,0,0,17,12,0,0,3,5,25,0,28,12,14,29,35,0,44,12,38,29,37,9,36,0,0,0,22,0,0,0,9,0,7,31,40,0,0,0,0,26,0,4,0,0,36,0,0,0,21,9,34,0,9,10,20,0,13,0,26,0,12,0,0,18,19,0,0,8,0,0,0,0,66,0
257,20,0,0,0,16,13,0,0,6,5,25,0,22,13,8,24,36,0,47,13,38,30,33,9,37,0,0,0,23,0,0,0,10,0,7,31,41,0,0,0,0,30,0,5,0,0,35,0,0,0,24,7,37,0,7,10,20,0,13,0,27,0,13,0,0,21,19,0,0,7,0,0,0,0,68,0
258,23,0,0,0,16,14,0,0,7,3,28,0,15,12,5,21,30,0,50,12,42,25,30,9,38,0,0,0,22,0,0,0,9,0,9,33,45,0,0,0,0,33,0,4,0,0,34,0,0,0,26,7,38,0,7,8,18,0,15,0,28,0,13,0,0,21,17,0,0,5,0,0,0,0,65,0
259,29,0,0,0,16,13,0,0,5,2,33,0,12,9,7,22,25,0,50,12,46,20,32,10,39,0,0,0,21,0,0,0,8,0,9,35,48,0,0,0,0,33,0,4,0,0,32,0,0,0,24,7,37,0,9,6,16,0,18,0,29,0,13,0,0,18,16,0,0,4,0,0,0,0,59,0
260,33,0,0,0,16,13,0,0,3,2,37,0,16,6,10,24,25,0,48,12,46,21,36,12,41,0,0,0,21,0,0,0,8,0,8,38,50,0,0,0,0,31,0,3,0,0,30,0,0,0,19,8,35,0,11,6,15,0,20,0,30,0,12,0,0,17,16,0,0,5,0,0,0,0,56,0
261,21,0,0,0,17,13,0,0,4,4,32,0,23,3,13,28,34,0,46,13,38,28,38,12,44,0,0,0,23,1,0,0,8,0,9,47,48,0,0,0,0,34,0,2,0,0,28,0,0,0,18,7,33,0,6,10,17,0,11,0,29,0,14,0,0,22,19,0,0,8,0,0,0,0,68,0
262,25,0,0,0,16,11,0,0,2,2,30,0,26,1,11,29,36,0,46,12,40,30,40,8,49,0,0,0,20,1,0,0,8,0,9,44,44,0,0,0,0,26,0,0,0,0,22,0,0,0,15,7,37,0,8,15,24,0,6,0,34,0,13,0,0,15,21,0,0,7,0,0,0,0,67,0
263,26,0,0,0,9,12,0,0,1,5,36,0,19,0,16,29,30,0,44,13,36,25,34,8,45,0,0,0,19,0,0,0,7,0,9,41,43,0,0,0,0,38,0,0,0,0,31,0,0,0,20,9,30,0,6,11,16,0,16,0,35,0,12,0,0,16,15,0,0,2,0,0,0,0,63,0
264,17,0,0,0,12,10,0,0,3,1,30,0,23,1,16,29,20,0,43,10,40,16,35,9,36,0,0,0,15,1,0,0,5,0,11,39,43,0,0,0,0,32,0,0,0,0,29,0,0,0,16,2,27,0,9,8,21,0,15,0,31,0,13,0,0,17,11,0,0,2,0,0,0,0,52,0
265,19,0,0,0,4,12,0,0,2,3,29,0,17,1,9,28,31,0,45,11,39,25,32,8,38,0,0,0,15,0,0,0,6,0,15,36,41,0,0,0,0,27,0,0,0,0,26,0,0,0,20,5,27,0,6,7,14,0,12,0,33,0,10,0,0,15,14,0,0,1,0,0,0,0,58,0
266,24,0,0,0,8,17,0,0,5,2,37,0,19,0,13,28,30,0,49,8,43,24,38,8,46,0,0,0,17,1,0,0,6,0,11,33,47,0,0,0,0,28,0,0,0,0,26,0,0,0,16,7,36,0,7,7,19,0,13,0,36,0,16,0,0,14,17,0,0,1,0,0,0,0,78,0
267,23,0,0,0,11,10,0,0,2,3,39,0,20,3,11,31,26,0,46,10,40,21,38,7,44,0,0,0,17,0,0,0,6,0,10,38,45,0,0,0,0,40,0,2,0,0,39,0,0,0,23,5,34,0,5,11,16,0,13,0,35,0,15,0,0,16,14,0,0,1,0,0,0,0,72,0
268,26,0,0,0,12,12,0,0,5,2,38,0,19,12,11,27,33,0,57,12,39,28,36,7,54,0,0,0,16,1,0,0,6,0,10,41,44,0,0,0,0,37,0,4,0,0,53,0,0,0,9,7,36,0,5,10,18,0,9,0,33,0,12,0,0,12,14,0,0,2,0,0,0,0,83,0
269,23,0,0,0,21,13,0,0,4,3,34,0,22,9,10,25,28,0,58,8,36,23,38,7,41,0,0,0,13,1,0,0,5,0,8,39,37,0,0,0,0,42,0,3,0,0,27,0,0,0,16,6,42,0,5,6,21,0,1,0,32,0,13,0,0,15,13,0,0,4,0,0,0,0,69,0
270,21,0,0,0,15,8,0,0,4,1,24,0,24,7,17,26,26,0,55,10,34,21,30,6,35,0,0,0,10,1,0,0,5,0,8,27,41,0,0,0,0,36,0,2,0,0,30,0,0,0,17,3,42,0,8,8,19,0,12,0,27,0,13,0,0,15,11,0,0,2,0,0,0,0,57,0
271,19,0,0,0,16,8,0,0,3,1,26,0,19,4,16,31,21,0,46,7,41,17,31,7,30,0,0,0,8,0,0,0,4,0,9,31,41,0,0,0,0,26,0,2,0,0,35,0,0,0,15,4,28,0,6,6,12,0,7,0,27,0,11,0,0,9,9,0,0,1,0,0,0,0,60,0
272,27,0,0,0,15,9,0,0,6,0,27,0,10,3,5,20,25,0,51,8,40,20,28,7,36,0,0,0,8,0,0,0,4,0,8,31,41,0,0,0,0,33,0,1,0,0,29,0,0,0,18,2,37,0,5,6,12,0,21,0,30,0,13,0,0,16,8,0,0,0,0,0,0,0,63,0
