,dog shampoo, shampoo for dogs, dog shampoos, dog conditioner, dog oatmeal shampoo, dog wipes,OEM dog grooming shampoo and conditioner, High Quality dog grooming shampoo,Dog Care Products,Shampoos - Shampoos & Conditioners, Pet Shampoos, Pet Supplies
0,41,16,1,4,21,25,0,0,0,0,0,61
1,38,15,1,3,19,24,0,0,0,0,0,59
2,35,15,1,3,17,25,0,0,0,0,0,57
3,34,15,1,3,16,26,0,0,0,0,0,56
4,35,15,1,3,17,27,0,0,0,0,0,56
5,36,15,1,3,18,27,0,0,0,0,0,57
6,36,15,1,3,18,25,0,0,0,0,0,56
7,35,15,1,2,17,22,0,0,0,0,0,54
8,34,15,1,2,16,21,0,0,0,0,0,52
9,34,15,0,2,16,21,0,0,0,0,0,52
10,34,15,0,2,17,24,0,0,0,0,0,53
11,34,14,0,2,17,25,0,0,0,0,0,53
12,32,14,0,2,17,25,0,0,0,0,0,50
13,31,14,1,2,16,25,0,0,0,0,0,49
14,31,14,1,2,15,27,0,0,0,0,0,50
15,32,14,1,2,15,29,0,0,0,0,0,54
16,32,13,0,2,14,29,0,0,0,0,0,57
17,30,12,0,2,14,26,0,0,0,0,0,56
18,29,11,0,2,12,23,0,0,0,0,0,54
19,29,12,0,2,12,23,0,0,0,0,0,53
20,31,12,1,2,14,26,0,0,0,0,0,57
21,33,12,1,2,15,30,0,0,0,0,0,61
22,33,12,1,2,16,31,0,0,0,0,0,61
23,32,12,1,3,15,30,0,0,0,0,0,56
24,31,12,0,3,14,28,0,0,0,0,0,51
25,30,13,0,3,15,29,0,0,0,0,0,49
26,30,12,0,3,17,31,0,0,0,0,0,50
27,29,12,0,2,19,30,0,0,0,0,0,52
28,29,11,0,2,18,27,0,0,0,0,0,53
29,30,11,0,2,15,25,0,0,0,0,0,52
30,32,12,0,2,12,26,0,0,0,0,0,53
31,33,12,1,2,12,30,0,0,0,0,0,54
32,33,12,1,3,13,33,0,0,0,0,0,55
33,32,12,1,3,14,33,0,0,0,0,0,55
34,31,12,1,3,15,32,0,0,0,0,0,54
35,32,12,1,3,15,31,0,0,0,0,0,54
36,32,12,0,3,15,32,0,0,0,0,0,56
37,32,12,0,3,17,32,0,0,0,0,0,56
38,31,12,0,3,17,30,0,0,0,0,0,55
39,31,12,0,3,16,28,0,0,0,0,0,52
40,32,13,1,3,16,27,0,0,0,0,0,52
41,33,14,1,4,16,29,0,0,0,0,0,54
42,34,15,0,4,17,31,0,0,0,0,0,58
43,34,16,0,4,17,31,0,0,0,0,0,59
44,35,16,0,4,17,30,0,0,0,0,0,59
45,37,16,0,4,16,30,0,0,0,0,0,59
46,40,17,0,5,16,33,0,0,0,0,0,60
47,42,18,1,5,17,36,0,0,0,0,0,61
48,43,18,1,6,20,38,0,0,0,0,0,62
49,44,18,1,6,23,37,0,0,0,0,0,62
50,45,18,1,6,26,35,0,0,0,0,0,62
51,46,18,1,5,27,33,0,0,0,0,0,63
52,46,19,1,4,27,33,0,0,0,0,0,63
53,44,18,1,4,25,33,0,0,0,0,0,62
54,40,18,1,3,22,33,0,0,0,0,0,60
55,38,18,1,3,20,34,0,0,0,0,0,59
56,39,18,1,3,21,36,0,0,0,0,0,59
57,41,18,1,4,22,36,0,0,0,0,0,60
58,41,18,1,3,23,34,0,0,0,0,0,60
59,40,18,1,3,22,30,0,0,0,0,0,57
60,38,18,1,3,21,27,0,0,0,0,0,55
61,38,18,0,3,20,28,0,0,0,0,0,54
62,39,18,0,3,21,31,0,0,0,0,0,56
63,39,17,0,3,22,33,0,0,0,0,0,56
64,37,16,0,3,22,32,0,0,0,0,0,54
65,35,16,1,3,20,32,0,0,0,0,0,52
66,35,16,1,2,19,35,0,0,0,0,0,53
67,36,16,1,2,18,38,0,0,0,0,0,57
68,36,16,0,3,18,38,0,0,0,0,0,61
69,35,14,0,3,17,35,0,0,0,0,0,60
70,33,13,0,3,16,30,0,0,0,0,0,58
71,33,13,0,2,15,29,0,0,0,0,0,57
72,35,14,1,2,17,33,0,0,0,0,0,60
73,37,14,1,3,19,39,0,0,0,0,0,64
74,38,14,1,3,20,41,0,0,0,0,0,65
75,37,14,1,3,19,39,0,0,0,0,0,61
76,36,14,0,3,18,37,0,0,0,0,0,56
77,35,14,0,3,19,38,0,0,0,0,0,52
78,34,14,0,3,21,40,0,0,0,0,0,53
79,34,13,0,3,23,39,0,0,0,0,0,55
80,34,12,0,3,22,36,0,0,0,0,0,57
81,34,12,0,3,19,32,0,0,0,0,0,56
82,36,13,0,3,16,33,0,0,0,0,0,57
83,38,14,0,3,15,38,0,0,0,0,0,58
84,39,14,1,3,16,42,0,0,0,0,0,59
85,38,14,1,3,18,43,0,0,0,0,0,59
86,37,13,1,3,18,41,0,0,0,0,0,58
87,37,13,1,3,18,40,0,0,0,0,0,59
88,37,14,0,4,19,41,0,0,0,0,0,60
89,38,14,0,4,20,41,0,0,0,0,0,61
90,37,14,0,4,21,40,0,0,0,0,0,60
91,36,13,0,4,21,36,0,0,0,0,0,57
92,37,14,0,4,20,35,0,0,0,0,0,56
93,38,15,0,5,20,36,0,0,0,0,0,58
94,40,17,0,5,21,39,0,0,0,0,0,62
95,40,18,0,5,22,40,0,0,0,0,0,64
96,41,18,0,5,21,39,0,0,0,0,0,64
97,43,18,0,6,20,39,0,0,0,0,0,64
98,46,19,0,6,19,41,0,0,0,0,0,64
99,49,20,1,7,21,46,0,0,0,0,0,66
100,51,20,1,7,24,49,0,0,0,0,0,67
101,51,20,1,7,28,49,0,0,0,0,0,68
102,52,20,1,7,32,46,0,0,0,0,0,68
103,54,21,1,7,33,44,0,0,0,0,0,68
104,54,21,1,6,33,43,0,0,0,0,0,69
105,52,21,1,5,31,42,0,0,0,0,0,68
106,48,20,1,5,28,43,0,0,0,0,0,66
107,45,20,1,4,25,44,0,0,0,0,0,64
108,46,20,1,4,25,46,0,0,0,0,0,64
109,48,20,1,5,27,48,0,0,0,0,0,65
110,48,20,0,4,28,46,0,0,0,0,0,65
111,47,20,1,4,27,40,0,0,0,0,0,63
112,46,20,1,4,25,36,0,0,0,0,0,60
113,45,20,0,4,24,36,0,0,0,0,0,59
114,46,20,0,4,25,40,0,0,0,0,0,60
115,46,19,0,4,26,43,0,0,0,0,0,61
116,44,18,0,4,27,43,0,0,0,0,0,59
117,42,18,1,3,25,43,0,0,0,0,0,56
118,42,18,1,3,23,45,0,0,0,0,0,57
119,43,19,1,3,22,49,0,0,0,0,0,61
120,43,18,0,3,22,51,0,0,0,0,0,65
121,42,17,0,4,21,47,0,0,0,0,0,66
122,39,15,0,4,20,41,0,0,0,0,0,63
123,38,15,0,3,18,38,0,0,0,0,0,62
124,40,16,0,3,20,43,0,0,0,0,0,64
125,44,16,1,3,22,50,0,0,0,0,0,69
126,45,16,1,4,24,54,0,0,0,0,0,71
127,45,16,1,4,23,53,0,0,0,0,0,68
128,43,16,0,4,22,50,0,0,0,0,0,62
129,41,16,0,4,22,50,0,0,0,0,0,57
130,41,17,0,4,24,53,0,0,0,0,0,58
131,41,16,0,4,27,53,0,0,0,0,0,60
132,40,15,0,4,27,49,0,0,0,0,0,62
133,41,14,0,4,24,44,0,0,0,0,0,62
134,43,15,0,4,19,44,0,0,0,0,0,62
135,45,16,0,4,18,50,0,0,0,0,0,63
136,46,17,1,4,19,56,0,0,0,0,0,65
137,45,16,1,4,21,58,0,0,0,0,0,65
138,44,15,1,4,22,56,0,0,0,0,0,64
139,44,16,1,4,22,54,0,0,0,0,0,64
140,44,16,0,4,22,55,0,0,0,0,0,66
141,45,16,0,5,24,56,0,0,0,0,0,67
142,44,16,0,5,25,54,0,0,0,0,0,66
143,43,16,0,5,24,50,0,0,0,0,0,63
144,44,16,0,5,23,47,0,0,0,0,0,61
145,45,18,1,6,23,48,0,0,0,0,0,63
146,47,20,0,6,24,52,0,0,0,0,0,67
147,48,21,0,7,25,54,0,0,0,0,0,70
148,48,21,0,7,25,53,0,0,0,0,0,71
149,50,21,0,7,23,52,0,0,0,0,0,70
150,54,22,0,8,22,55,0,0,0,0,0,71
151,58,23,1,8,24,61,0,0,0,0,0,73
152,60,24,1,9,27,66,0,0,0,0,0,74
153,60,24,1,9,32,66,0,0,0,0,0,75
154,61,24,1,9,35,62,0,0,0,0,0,75
155,63,24,1,8,38,59,0,0,0,0,0,75
156,64,25,1,8,38,57,0,0,0,0,0,76
157,62,25,1,7,36,56,0,0,0,0,0,76
158,57,24,1,6,32,56,0,0,0,0,0,73
159,54,24,1,5,29,57,0,0,0,0,0,71
160,53,23,1,5,28,60,0,0,0,0,0,71
161,55,24,1,6,30,63,0,0,0,0,0,72
162,57,24,1,6,31,61,0,0,0,0,0,73
163,56,24,1,5,31,54,0,0,0,0,0,70
164,54,24,1,5,29,48,0,0,0,0,0,67
165,53,24,1,5,27,47,0,0,0,0,0,66
166,53,24,0,5,28,51,0,0,0,0,0,67
167,53,23,0,5,29,55,0,0,0,0,0,68
168,52,22,0,5,29,56,0,0,0,0,0,66
169,49,21,1,4,28,55,0,0,0,0,0,64
170,48,21,1,4,26,57,0,0,0,0,0,63
171,49,22,1,4,25,62,0,0,0,0,0,67
172,50,21,0,4,24,65,0,0,0,0,0,73
173,48,20,0,4,24,61,0,0,0,0,0,74
174,45,18,0,4,22,53,0,0,0,0,0,72
175,44,18,0,4,20,48,0,0,0,0,0,69
176,45,18,0,4,21,52,0,0,0,0,0,71
177,49,19,1,4,24,61,0,0,0,0,0,76
178,51,19,1,4,26,67,0,0,0,0,0,80
179,51,18,1,5,26,66,0,0,0,0,0,77
180,49,18,1,5,24,62,0,0,0,0,0,70
181,47,19,0,5,23,61,0,0,0,0,0,65
182,46,19,0,5,26,64,0,0,0,0,0,64
183,45,18,0,5,29,65,0,0,0,0,0,67
184,45,17,0,4,29,61,0,0,0,0,0,69
185,45,16,0,4,26,54,0,0,0,0,0,69
186,47,17,0,4,21,52,0,0,0,0,0,69
187,49,18,1,5,19,58,0,0,0,0,0,70
188,51,19,1,5,20,66,0,0,0,0,0,72
189,50,18,1,5,22,69,0,0,0,0,0,72
190,48,17,1,5,23,66,0,0,0,0,0,71
191,48,17,1,5,23,63,0,0,0,0,0,71
192,48,18,1,5,23,64,0,0,0,0,0,73
193,49,19,0,5,25,65,0,0,0,0,0,74
194,48,18,0,5,26,63,0,0,0,0,0,74
195,47,17,0,5,26,58,0,0,0,0,0,71
196,47,18,1,6,25,54,0,0,0,0,0,68
197,49,19,1,6,24,55,0,0,0,0,0,70
198,50,22,1,7,25,59,0,0,0,0,0,74
199,51,23,1,7,26,61,0,0,0,0,0,78
200,52,23,1,7,26,60,0,0,0,0,0,79
201,53,24,0,7,24,58,0,0,0,0,0,78
202,57,24,0,8,23,60,0,0,0,0,0,78
203,61,25,1,9,24,67,0,0,0,0,0,80
204,64,26,1,9,27,72,0,0,0,0,0,82
205,64,26,1,10,32,73,0,0,0,0,0,83
206,65,26,1,10,36,69,0,0,0,0,0,82
207,67,27,1,9,39,65,0,0,0,0,0,83
208,68,27,1,8,39,62,0,0,0,0,0,84
209,66,27,1,7,38,61,0,0,0,0,0,84
210,62,26,1,6,34,61,0,0,0,0,0,81
211,57,26,1,6,30,62,0,0,0,0,0,78
212,56,25,1,6,29,64,0,0,0,0,0,78
213,58,26,1,6,30,67,0,0,0,0,0,79
214,60,26,1,6,32,66,0,0,0,0,0,80
215,59,26,1,5,32,59,0,0,0,0,0,78
216,57,26,1,5,30,52,0,0,0,0,0,74
217,56,26,1,5,28,49,0,0,0,0,0,72
218,56,26,0,5,28,52,0,0,0,0,0,73
219,56,25,0,5,30,57,0,0,0,0,0,75
220,55,23,0,5,30,58,0,0,0,0,0,73
221,52,23,1,4,29,57,0,0,0,0,0,70
222,51,23,1,4,27,59,0,0,0,0,0,69
223,51,23,1,4,25,64,0,0,0,0,0,73
224,52,23,1,4,25,67,0,0,0,0,0,78
225,51,22,0,4,24,64,0,0,0,0,0,81
226,48,20,0,4,23,56,0,0,0,0,0,79
227,46,19,0,4,21,50,0,0,0,0,0,76
228,47,19,1,4,21,52,0,0,0,0,0,77
229,51,20,1,4,24,61,0,0,0,0,0,82
230,54,20,1,4,26,68,0,0,0,0,0,87
231,54,20,1,5,26,68,0,0,0,0,0,85
232,52,19,1,5,25,64,0,0,0,0,0,78
233,50,20,1,5,24,62,0,0,0,0,0,71
234,49,20,0,5,26,65,0,0,0,0,0,70
235,48,20,0,5,29,66,0,0,0,0,0,72
236,48,18,0,4,30,63,0,0,0,0,0,75
237,47,17,1,4,27,56,0,0,0,0,0,75
238,49,18,1,4,23,53,0,0,0,0,0,75
239,52,19,1,4,20,57,0,0,0,0,0,76
240,54,20,1,5,20,65,0,0,0,0,0,78
241,53,20,1,5,22,69,0,0,0,0,0,79
242,52,19,1,5,23,68,0,0,0,0,0,78
243,51,19,1,5,23,64,0,0,0,0,0,77
244,51,19,1,5,23,64,0,0,0,0,0,79
245,52,20,1,5,25,65,0,0,0,0,0,81
246,51,19,1,5,26,64,0,0,0,0,0,81
247,50,19,1,5,26,60,0,0,0,0,0,78
248,50,19,1,5,25,55,0,0,0,0,0,75
249,51,20,1,6,24,55,0,0,0,0,0,75
250,53,23,1,6,25,58,0,0,0,0,0,80
251,54,24,1,7,26,62,0,0,0,0,0,84
252,55,25,1,7,26,61,0,0,0,0,0,86
253,57,25,1,7,25,58,0,0,0,0,0,85
254,60,26,1,8,24,60,0,0,0,0,0,85
255,65,27,1,8,24,66,0,0,0,0,0,87
256,68,28,1,9,27,72,0,0,0,0,0,89
257,68,28,1,9,32,74,0,0,0,0,0,90
258,69,28,1,9,36,70,0,0,0,0,0,90
259,71,28,1,9,39,66,0,0,0,0,0,90
260,73,29,1,8,40,63,0,0,0,0,0,91
261,70,29,1,6,37,61,0,0,0,0,0,91
262,64,27,1,6,32,67,0,0,0,0,0,87
263,60,27,0,4,28,52,0,0,0,0,0,79
264,54,24,1,4,26,60,0,0,0,0,0,76
265,50,20,0,4,21,51,0,0,0,0,0,83
266,57,21,1,4,27,68,0,0,0,0,0,92
267,51,20,1,4,30,65,0,0,0,0,0,80
268,57,21,1,4,20,63,0,0,0,0,0,84
269,55,20,1,5,24,64,0,0,0,0,0,86
270,54,20,1,5,25,54,0,0,0,0,0,81
271,60,26,1,7,26,59,0,0,0,0,0,92
272,73,30,1,9,32,74,0,0,0,0,0,98
